,12e_EMPTY WELL_1,12e_E588_1,12e_E590_1,12e_E591_1,12e_CONTROL_1,12e_E592_1,12e_E593_1,12e_E594_1,12e_EMPTY WELL_2,12e_E588_2,12e_E590_2,12e_E591_2,12e_CONTROL_2,12e_E592_2,12e_E593_2,12e_E594_2,1e_EMPTY WELL_1,1e_E521_1,1e_E522_1,1e_E523_1,1e_CONTROL_1,1e_E524_1,1e_E525_1,1e_E526_1,1e_EMPTY WELL_2,1e_E521_2,1e_E522_2,1e_E523_2,1e_CONTROL_2,1e_E524_2,1e_E525_2,1e_E526_2,9e_EMPTY WELL_1,9e_E510_1,9e_E513_1,9e_E515_1,9e_CONTROL_1,9e_E517_1,9e_E518_1,9e_E520_1,9e_EMPTY WELL_2,9e_E510_2,9e_E513_2,9e_E515_2,9e_CONTROL_2,9e_E517_2,9e_E518_2,9e_E520_2
0,321.5,1612.1,1726.3,634.4,1538.3,1858.3,1612.8,1771.3,307.3,1493.1,1604.0,1213.7,1622.9,1829.9,1513.6,1620.9,309.8,2071.6,2038.2,1796.2,1998.2,1712.0,1921.8,2130.2,311.2,2034.2,2016.8,1845.6,1973.0,1729.6,1846.1,1926.3,304.1,2124.9,2122.0,2072.7,2549.6,1922.9,2059.2,2338.3,313.6,1980.4,2017.0,2101.8,2555.3,2051.1,2153.9,2454.4
1,321.6,1610.4,1717.8,634.2,1549.6,1858.8,1617.7,1774.6,307.1,1492.9,1595.3,1214.8,1621.5,1826.1,1509.8,1626.4,309.9,2079.0,2034.2,1803.2,1994.6,1709.8,1911.5,2133.7,311.4,2040.1,2018.5,1851.1,1966.9,1738.6,1861.8,1925.1,303.7,2126.8,2122.9,2073.5,2549.5,1914.9,2056.7,2348.2,313.2,1983.3,2015.9,2112.7,2568.3,2038.1,2164.6,2456.7
2,321.6,1605.8,1728.2,634.7,1545.7,1859.6,1617.8,1778.2,307.5,1499.3,1590.2,1212.1,1619.9,1821.6,1502.9,1629.1,309.8,2075.6,2035.0,1810.1,1993.5,1714.7,1917.0,2138.0,311.1,2042.1,2014.0,1846.2,1975.2,1734.5,1861.8,1924.8,303.9,2113.2,2123.5,2070.0,2551.8,1912.5,2058.4,2342.3,312.8,1988.9,2009.8,2120.9,2565.3,2042.5,2165.2,2456.8
3,321.5,1608.9,1728.7,634.5,1552.8,1861.2,1614.8,1780.2,306.9,1501.1,1587.8,1209.4,1627.8,1829.4,1508.4,1633.2,309.8,2077.0,2037.0,1811.0,1991.0,1710.0,1916.8,2136.0,311.4,2051.5,2015.3,1852.0,1960.5,1731.8,1872.7,1929.6,303.7,2112.7,2123.1,2078.1,2537.1,1935.2,2049.3,2335.9,313.1,1989.6,2006.0,2121.9,2563.8,2047.3,2158.8,2464.7
4,321.5,1602.3,1735.1,634.1,1551.5,1851.6,1617.3,1776.4,306.9,1501.0,1593.1,1212.5,1624.0,1833.9,1514.3,1628.3,309.8,2076.3,2047.6,1808.1,1989.7,1707.9,1901.2,2138.1,310.9,2058.3,2006.6,1852.4,1968.4,1724.5,1869.3,1921.4,303.6,2106.5,2098.9,2095.2,2530.9,1939.2,2060.9,2347.0,312.8,1976.8,1995.9,2127.0,2556.0,2041.9,2155.4,2471.0
5,321.4,1604.8,1745.4,633.2,1563.5,1863.1,1612.9,1771.9,307.4,1497.8,1596.1,1216.7,1629.3,1837.8,1508.8,1629.1,309.9,2074.7,2049.9,1816.4,1987.5,1710.9,1899.6,2147.6,311.5,2054.6,2003.0,1863.6,1971.2,1725.0,1862.3,1919.6,303.5,2093.4,2106.2,2091.1,2532.8,1932.8,2058.0,2326.5,313.0,1966.8,1990.2,2127.7,2552.3,2044.6,2157.9,2472.6
6,321.2,1603.5,1746.1,633.0,1575.2,1866.3,1614.9,1772.5,307.0,1501.9,1592.4,1219.1,1630.0,1830.1,1507.3,1629.3,309.8,2071.8,2045.5,1827.4,1991.9,1714.1,1902.4,2145.0,311.0,2044.3,2005.5,1863.5,1972.5,1721.8,1856.7,1921.0,303.5,2091.0,2108.4,2080.4,2529.7,1937.7,2059.1,2297.7,312.5,1970.7,1990.1,2135.3,2553.4,2045.0,2165.2,2456.4
7,321.2,1603.5,1746.1,633.0,1575.2,1866.3,1614.9,1772.5,307.1,1500.8,1593.5,1220.2,1627.8,1828.2,1508.3,1627.4,309.8,2071.8,2045.5,1827.4,1991.9,1714.1,1902.4,2145.0,311.0,2044.3,2005.5,1863.5,1972.5,1721.8,1856.7,1921.0,303.5,2091.0,2108.4,2080.4,2529.7,1937.7,2059.1,2297.7,312.9,1972.5,1995.5,2139.0,2557.5,2044.6,2167.8,2456.4
8,321.2,1603.5,1746.1,633.0,1575.2,1866.3,1614.9,1772.5,307.1,1500.8,1593.5,1220.2,1627.8,1828.2,1508.3,1627.4,309.8,2071.8,2045.5,1827.4,1991.9,1714.1,1902.4,2145.0,311.0,2044.3,2005.5,1863.5,1972.5,1721.8,1856.7,1921.0,303.5,2091.0,2108.4,2080.4,2529.7,1937.7,2059.1,2297.7,312.9,1972.5,1995.5,2139.0,2557.5,2044.6,2167.8,2456.4
9,321.2,1603.5,1746.1,633.0,1575.2,1866.3,1614.9,1772.5,307.1,1500.8,1593.5,1220.2,1627.8,1828.2,1508.3,1627.4,309.8,2071.8,2045.5,1827.4,1991.9,1714.1,1902.4,2145.0,311.0,2044.3,2005.5,1863.5,1972.5,1721.8,1856.7,1921.0,303.5,2091.0,2108.4,2080.4,2529.7,1937.7,2059.1,2297.7,312.9,1972.5,1995.5,2139.0,2557.5,2044.6,2167.8,2456.4
10,339.5,1348.9,1384.6,627.5,1575.2,1866.3,1614.9,1772.5,307.1,1500.8,1593.5,1220.2,1627.8,1828.2,1508.3,1627.4,330.7,1509.1,1593.5,1388.4,1600.9,1322.3,1534.3,1745.0,334.5,1487.0,1631.3,1482.0,1865.7,1491.5,1706.4,1856.3,323.9,1721.1,1870.5,1776.2,2352.9,1605.5,1720.4,1826.7,336.2,1627.2,1662.4,1758.6,2537.7,1875.2,1920.7,2307.1
11,337.6,1266.7,1288.7,608.1,1136.6,1521.4,1345.7,1510.5,324.0,1217.5,1216.8,1059.1,1210.0,1495.1,1234.3,1455.1,328.4,1679.2,1616.2,1455.5,1772.1,1341.2,1444.6,1829.9,329.9,1526.9,1584.3,1506.6,1798.1,1366.9,1464.8,1632.9,321.7,1611.7,1671.0,1692.6,2314.2,1524.3,1643.9,1668.8,332.6,1593.5,1612.5,1922.0,2422.5,1667.4,1737.0,1963.5
12,335.8,1174.0,1138.3,589.0,1009.2,1427.4,1263.2,1416.6,321.4,1104.7,1099.0,964.2,1167.1,1363.0,1170.9,1362.7,325.8,1633.3,1554.6,1402.2,1741.1,1271.3,1302.7,1770.0,327.0,1532.9,1532.9,1478.3,1774.8,1325.0,1392.1,1573.0,320.1,1542.9,1534.8,1583.4,2149.4,1404.2,1557.4,1529.3,330.2,1520.4,1477.3,1865.7,2352.1,1540.2,1585.6,1753.6
13,334.6,1115.2,1043.4,578.4,907.7,1329.9,1179.2,1318.9,320.4,1030.5,957.5,864.9,1037.2,1251.7,1076.5,1262.1,325.4,1570.1,1489.0,1322.8,1677.4,1207.0,1204.1,1666.7,325.8,1462.0,1478.9,1425.2,1700.0,1269.1,1314.2,1446.6,318.9,1500.7,1426.2,1465.5,1978.6,1283.4,1473.0,1410.4,328.3,1453.8,1358.9,1767.7,2215.0,1463.5,1492.3,1659.2
14,333.6,1066.5,986.0,571.0,861.3,1256.5,1127.0,1246.2,319.9,1006.7,876.9,808.3,918.0,1144.9,989.3,1149.0,324.4,1494.4,1422.8,1234.4,1577.1,1137.4,1122.4,1538.7,325.1,1397.0,1427.8,1365.7,1622.3,1216.1,1256.6,1340.1,318.2,1447.3,1364.4,1379.6,1846.8,1205.7,1411.1,1327.2,327.2,1405.7,1248.3,1661.6,2056.9,1389.9,1420.1,1588.8
15,333.4,1039.8,967.5,567.2,856.6,1197.2,1081.1,1180.8,318.8,1011.2,819.4,772.8,842.0,1076.6,941.2,1062.8,323.8,1435.3,1386.1,1170.1,1490.6,1085.5,1077.7,1443.2,324.6,1323.3,1385.2,1304.3,1520.4,1150.5,1214.5,1234.7,317.9,1412.2,1300.8,1298.5,1706.5,1129.8,1355.2,1249.2,326.7,1350.2,1169.4,1568.3,1932.8,1328.5,1374.2,1543.0
16,333.2,1025.5,965.4,565.7,873.5,1156.7,1057.1,1139.3,318.1,1026.9,792.3,757.3,798.1,1020.2,908.0,1000.1,323.3,1380.9,1351.5,1113.5,1396.3,1034.6,1046.0,1349.3,324.3,1264.4,1349.5,1252.5,1439.5,1101.2,1188.3,1155.1,317.4,1385.4,1252.3,1237.7,1598.7,1071.8,1315.8,1189.8,326.3,1303.8,1097.0,1471.3,1806.7,1259.5,1337.0,1490.9
17,333.2,1022.4,971.1,566.3,901.6,1128.3,1045.5,1110.2,317.8,1055.8,774.7,754.4,770.4,981.3,902.1,978.2,322.9,1338.5,1322.6,1074.0,1315.4,993.8,1036.0,1284.2,323.8,1219.2,1315.8,1205.7,1367.6,1058.9,1172.0,1088.9,317.0,1363.8,1210.1,1180.3,1491.1,1016.2,1270.2,1127.7,325.9,1260.4,1039.1,1394.3,1706.8,1201.5,1309.4,1439.6
18,333.1,1034.2,983.3,569.6,937.7,1105.5,1043.5,1099.2,317.5,1087.9,772.7,760.9,763.9,952.0,913.5,973.8,322.5,1301.8,1301.1,1039.5,1244.4,956.7,1025.6,1225.8,323.4,1189.7,1292.9,1177.4,1311.4,1027.8,1165.7,1044.3,316.5,1339.7,1175.5,1136.3,1403.6,984.1,1237.0,1089.1,325.7,1225.6,985.3,1318.8,1603.4,1141.6,1287.5,1392.2
19,332.9,1054.9,1003.5,574.0,966.1,1090.2,1055.6,1099.4,317.5,1130.7,776.5,777.4,772.7,945.0,936.7,982.5,322.3,1272.6,1279.8,1018.0,1196.4,930.8,1026.2,1184.6,323.1,1147.1,1275.7,1147.9,1253.1,998.3,1175.3,1013.7,316.2,1323.9,1145.8,1093.8,1313.7,958.4,1206.0,1047.0,325.4,1190.5,945.8,1260.9,1519.7,1095.5,1269.7,1360.9
20,332.8,1086.4,1029.6,578.2,1002.6,1084.4,1071.1,1110.6,317.4,1163.8,784.2,793.3,792.1,936.0,972.2,1002.9,321.9,1234.6,1266.1,996.9,1150.0,901.8,1041.4,1149.5,322.7,1119.3,1257.9,1124.6,1215.7,973.1,1186.6,997.0,315.7,1308.1,1128.7,1060.3,1242.4,944.8,1184.6,1016.9,325.3,1164.8,908.3,1203.5,1440.7,1048.3,1258.3,1321.5
21,332.5,1114.1,1057.8,582.3,1032.8,1084.8,1088.6,1135.5,317.0,1213.9,795.2,814.8,821.2,936.8,1004.1,1024.6,321.4,1201.6,1251.1,981.0,1110.1,882.1,1060.5,1125.3,322.5,1094.8,1244.5,1102.6,1185.8,948.6,1199.6,982.1,315.4,1299.0,1109.4,1027.1,1173.1,926.2,1168.8,989.3,325.0,1136.1,877.9,1158.5,1377.9,1011.5,1246.4,1304.5
22,332.0,1152.4,1097.4,586.2,1063.7,1096.4,1111.4,1159.1,316.6,1257.9,811.4,835.3,851.2,949.1,1044.2,1068.3,321.2,1171.2,1240.2,968.6,1080.8,866.2,1083.1,1107.6,322.3,1073.4,1234.0,1087.3,1163.4,932.7,1208.6,971.6,314.9,1291.3,1094.8,1004.9,1121.1,911.2,1156.2,962.6,324.7,1121.0,850.2,1109.4,1314.2,983.3,1238.1,1290.4
23,331.7,1191.1,1137.5,589.9,1095.9,1116.3,1148.4,1189.9,316.2,1297.4,835.6,861.6,888.5,966.8,1082.9,1104.6,320.9,1150.8,1241.0,964.5,1064.7,856.4,1100.7,1098.9,322.0,1063.7,1220.8,1075.6,1147.0,922.5,1230.8,966.8,314.3,1282.7,1097.6,985.9,1076.5,900.9,1140.8,940.0,324.2,1102.0,830.0,1072.9,1261.9,957.0,1232.6,1279.0
24,331.3,1235.7,1181.7,594.5,1132.9,1136.5,1182.4,1230.3,315.8,1338.2,858.8,885.4,925.1,989.7,1125.0,1149.1,320.6,1126.9,1252.1,958.2,1052.5,846.9,1125.2,1088.2,321.8,1059.8,1216.4,1064.5,1143.2,911.5,1248.7,965.7,313.9,1284.9,1097.6,973.0,1047.6,900.6,1131.2,925.3,323.9,1094.9,807.2,1037.0,1214.5,933.2,1232.8,1258.4
25,331.0,1275.3,1216.5,597.9,1164.8,1167.6,1229.5,1276.1,315.4,1385.9,888.8,914.1,960.3,1011.5,1167.1,1199.8,320.4,1110.7,1262.0,961.1,1052.0,847.3,1149.9,1080.5,321.2,1057.6,1214.9,1058.8,1156.9,905.0,1271.5,967.3,313.4,1291.8,1096.0,958.6,1022.8,894.9,1128.1,915.6,323.4,1085.9,788.1,1008.3,1172.0,913.6,1235.6,1246.8
26,330.3,1323.7,1266.2,601.3,1205.3,1200.0,1270.7,1311.0,315.2,1432.6,914.6,937.2,992.6,1032.1,1218.8,1252.3,320.0,1105.8,1265.0,965.7,1057.3,848.8,1192.1,1070.3,320.8,1048.1,1217.9,1055.2,1160.6,902.0,1296.5,972.0,313.2,1299.7,1101.7,945.7,1002.3,892.5,1131.4,912.4,323.0,1074.9,776.1,980.8,1135.7,894.0,1235.7,1237.7
27,330.1,1369.1,1303.9,603.9,1242.0,1243.0,1315.2,1363.1,314.9,1486.7,948.6,964.3,1031.8,1068.3,1250.5,1288.3,319.8,1103.7,1280.4,969.8,1064.5,853.0,1228.2,1075.8,320.5,1048.6,1230.6,1056.5,1164.4,901.3,1330.7,980.2,312.7,1300.3,1104.8,933.2,983.4,897.5,1138.3,904.4,322.5,1061.2,762.2,959.4,1108.7,875.9,1244.9,1232.9
28,329.9,1416.0,1344.9,608.0,1281.4,1284.9,1351.1,1417.3,314.6,1517.9,980.8,986.8,1070.0,1097.4,1284.9,1334.5,319.5,1104.7,1303.4,981.2,1071.6,866.0,1270.0,1077.7,320.4,1049.1,1249.5,1062.4,1176.7,904.6,1365.4,989.2,312.4,1315.4,1109.5,920.2,971.4,908.1,1143.9,896.7,322.2,1053.5,753.5,935.5,1086.4,859.5,1260.2,1234.3
29,329.6,1460.4,1382.4,611.0,1315.4,1338.3,1397.7,1470.5,314.3,1551.3,1019.3,1014.4,1113.3,1138.9,1315.6,1370.7,319.3,1122.6,1319.3,989.7,1089.6,877.6,1302.1,1082.8,320.0,1056.2,1267.8,1074.8,1202.1,913.4,1403.1,1010.4,312.1,1336.0,1118.5,910.8,964.8,925.2,1148.9,889.0,321.8,1051.9,743.6,915.8,1072.7,850.3,1272.6,1242.0
30,329.6,1511.2,1427.6,614.1,1355.9,1397.6,1445.4,1517.7,314.2,1580.1,1050.8,1036.4,1149.9,1179.7,1343.6,1407.3,319.1,1129.0,1343.1,1001.6,1115.0,888.2,1345.2,1088.6,320.0,1067.8,1282.2,1085.4,1227.7,921.8,1441.9,1028.0,311.9,1358.7,1129.9,905.1,954.5,939.3,1161.6,887.8,321.4,1049.6,736.3,897.9,1054.1,840.7,1293.9,1252.8
31,329.4,1541.9,1458.7,616.7,1388.0,1443.4,1480.8,1559.2,314.0,1609.4,1087.8,1060.3,1188.2,1222.2,1373.6,1437.3,318.9,1149.7,1363.8,1018.4,1139.9,897.8,1384.3,1091.7,319.4,1078.9,1308.7,1102.8,1264.8,931.8,1471.0,1048.7,311.6,1385.1,1143.7,896.0,947.6,957.9,1174.1,888.9,320.9,1052.7,728.3,883.5,1043.7,832.9,1316.3,1269.5
32,329.1,1566.2,1480.1,619.5,1414.7,1501.6,1503.8,1592.0,313.7,1625.8,1118.6,1082.7,1229.6,1254.0,1400.0,1466.7,318.7,1174.8,1387.6,1032.1,1168.6,912.7,1425.3,1104.0,319.6,1086.6,1334.2,1122.8,1307.8,944.9,1504.0,1069.6,311.4,1416.7,1170.6,889.9,945.0,977.2,1181.8,888.5,320.7,1051.7,721.3,866.7,1036.6,827.4,1334.6,1296.1
33,329.0,1582.5,1508.8,620.9,1435.5,1550.7,1531.9,1624.7,313.5,1637.7,1155.2,1101.8,1267.2,1298.7,1421.8,1492.1,318.5,1198.1,1412.4,1042.2,1193.4,930.7,1462.9,1122.7,319.3,1103.4,1363.5,1141.8,1345.8,962.7,1539.6,1093.0,311.2,1439.2,1187.1,885.1,941.3,1002.8,1198.2,890.9,320.5,1046.3,717.0,853.9,1031.1,823.3,1354.5,1321.1
34,328.7,1608.7,1543.2,622.1,1458.8,1588.2,1552.2,1659.3,313.3,1649.0,1188.5,1120.8,1301.0,1341.0,1448.4,1521.0,318.1,1227.9,1439.4,1064.9,1234.1,950.7,1510.7,1143.4,319.1,1125.3,1388.4,1166.3,1388.0,973.5,1576.6,1113.2,310.9,1467.2,1195.6,882.9,936.1,1024.4,1218.4,895.1,320.2,1046.1,714.1,844.1,1027.2,820.6,1374.5,1351.1
35,328.5,1626.2,1564.3,624.2,1471.4,1616.8,1576.9,1694.3,313.3,1658.3,1222.9,1137.7,1335.8,1385.5,1461.3,1538.8,318.1,1252.6,1471.5,1081.2,1273.7,963.0,1553.5,1161.3,319.0,1156.0,1419.3,1189.0,1440.8,994.1,1613.0,1140.1,310.7,1492.2,1217.6,877.8,935.2,1055.3,1243.5,896.5,320.0,1045.0,712.4,837.2,1028.2,817.8,1403.2,1371.1
36,328.4,1647.7,1584.5,625.9,1485.7,1646.6,1595.9,1726.8,312.9,1669.8,1253.1,1151.1,1362.2,1425.7,1483.3,1555.6,318.0,1282.8,1503.3,1098.2,1331.8,981.5,1598.0,1178.7,318.7,1182.6,1448.2,1208.7,1471.2,1011.9,1639.5,1160.2,310.4,1520.2,1246.5,874.4,941.5,1078.9,1259.9,897.0,319.9,1049.5,710.6,827.5,1031.3,812.4,1425.4,1404.3
37,327.9,1652.9,1598.1,627.2,1498.6,1670.3,1615.8,1756.4,312.8,1668.5,1281.3,1170.0,1390.7,1475.5,1494.2,1571.7,317.6,1311.7,1538.3,1123.2,1382.1,1008.0,1637.7,1205.8,318.8,1207.4,1474.8,1231.3,1511.0,1033.5,1666.6,1187.9,310.3,1547.1,1269.4,871.2,945.6,1105.6,1283.6,900.1,319.6,1058.0,713.5,822.0,1036.9,811.9,1452.5,1440.6
38,327.9,1661.3,1620.3,628.0,1520.4,1699.4,1635.6,1772.1,312.8,1666.7,1298.4,1180.6,1415.6,1510.9,1501.5,1587.0,317.5,1335.2,1571.6,1149.6,1436.2,1037.9,1671.1,1233.7,318.3,1234.1,1505.4,1250.5,1555.5,1053.1,1680.7,1216.2,310.1,1588.5,1291.2,869.1,951.7,1132.3,1303.5,901.3,319.3,1067.9,716.6,814.6,1036.2,813.8,1476.7,1492.1
39,327.8,1658.2,1638.3,628.6,1534.8,1729.0,1647.0,1790.1,312.7,1673.9,1318.5,1187.9,1450.8,1540.9,1509.7,1599.1,317.5,1357.2,1597.8,1168.1,1477.5,1059.3,1692.7,1260.0,318.2,1263.5,1541.1,1274.6,1610.1,1072.8,1693.2,1247.4,309.9,1612.7,1319.2,868.4,959.5,1158.4,1319.7,908.6,319.2,1080.5,716.5,810.5,1040.8,816.9,1501.1,1536.9
40,327.5,1670.6,1653.4,629.2,1544.3,1754.5,1653.3,1805.4,312.5,1675.0,1336.8,1194.7,1475.5,1567.8,1515.1,1608.3,317.0,1400.6,1620.6,1186.8,1531.6,1094.0,1723.6,1297.1,318.0,1292.5,1571.0,1300.3,1656.9,1091.7,1725.0,1277.8,309.5,1645.8,1345.8,865.7,968.8,1182.9,1335.3,914.8,319.1,1086.2,717.9,809.1,1045.3,823.7,1539.6,1594.7
41,327.4,1677.4,1664.1,629.7,1541.8,1776.5,1657.5,1820.0,312.5,1673.3,1360.2,1201.0,1500.3,1607.4,1514.1,1609.5,317.1,1426.2,1650.3,1210.1,1584.1,1129.1,1738.5,1328.2,318.1,1335.2,1600.5,1326.0,1697.4,1109.7,1752.0,1302.0,309.5,1672.6,1364.7,864.5,981.6,1226.1,1359.7,931.6,318.8,1094.2,721.2,806.8,1050.2,829.5,1558.9,1636.6
42,327.4,1672.7,1677.5,629.5,1545.0,1793.7,1666.9,1831.2,312.3,1668.1,1378.8,1206.6,1518.4,1635.9,1514.6,1623.8,317.0,1457.8,1671.7,1234.1,1642.2,1161.1,1765.5,1363.7,317.7,1359.0,1626.0,1346.1,1719.0,1129.5,1779.7,1327.3,309.2,1705.2,1393.9,865.7,994.8,1259.8,1386.4,947.7,318.7,1100.3,724.8,804.5,1055.3,837.0,1592.4,1685.2
43,327.2,1668.3,1686.2,629.8,1544.6,1800.0,1671.8,1843.1,312.1,1669.8,1394.9,1216.6,1537.1,1662.7,1517.5,1639.9,316.6,1485.6,1691.2,1252.7,1681.9,1184.3,1778.4,1392.8,317.8,1385.5,1649.8,1374.4,1756.8,1151.7,1799.7,1356.9,309.3,1730.7,1416.2,867.5,1010.4,1294.9,1415.4,963.2,318.5,1112.0,732.1,802.0,1062.4,843.4,1614.4,1728.2
44,326.9,1664.9,1697.7,629.4,1547.7,1808.7,1678.3,1840.5,312.0,1668.1,1407.0,1220.6,1555.7,1684.6,1523.4,1643.7,316.7,1509.8,1722.3,1276.4,1722.3,1207.7,1799.0,1420.7,317.5,1412.2,1679.5,1403.9,1778.7,1179.9,1808.6,1384.3,308.9,1751.8,1443.6,872.2,1021.3,1323.8,1435.6,974.4,318.0,1125.9,736.6,798.9,1076.3,849.0,1642.9,1769.3
45,326.9,1667.8,1706.8,629.2,1554.4,1818.1,1678.7,1844.2,311.9,1674.6,1423.5,1222.1,1562.8,1695.3,1524.6,1653.9,316.5,1548.4,1736.2,1298.2,1752.5,1235.4,1822.4,1445.4,317.6,1447.6,1708.3,1432.9,1797.8,1207.4,1814.9,1418.8,309.0,1779.9,1477.9,875.2,1029.4,1366.7,1461.4,987.4,318.2,1140.2,739.5,798.5,1090.5,854.6,1663.7,1819.2
46,326.6,1672.1,1720.6,629.6,1557.9,1823.4,1681.0,1840.2,311.8,1669.3,1440.2,1227.9,1571.7,1702.6,1529.2,1669.2,316.4,1585.6,1766.4,1323.7,1787.3,1265.0,1834.9,1473.3,317.0,1479.3,1720.9,1452.5,1824.7,1235.3,1833.3,1443.3,308.7,1807.9,1526.4,877.7,1040.4,1405.4,1483.6,1004.1,317.9,1151.2,744.0,798.6,1105.6,862.1,1691.5,1876.5
47,326.4,1677.2,1721.6,630.1,1570.8,1826.4,1688.3,1845.8,311.7,1672.7,1458.3,1232.1,1579.3,1715.6,1543.3,1676.4,316.3,1615.9,1789.4,1350.2,1800.7,1287.7,1845.7,1503.9,317.2,1517.9,1750.8,1476.8,1838.7,1262.7,1853.3,1472.3,308.6,1833.7,1555.4,876.7,1053.4,1445.5,1516.9,1021.8,317.9,1167.5,749.4,796.5,1122.2,867.9,1712.3,1920.3
48,326.4,1686.2,1732.4,630.8,1567.2,1833.2,1686.3,1851.3,311.3,1672.1,1474.0,1236.3,1584.0,1723.7,1545.8,1678.1,316.2,1661.1,1804.6,1387.0,1832.5,1320.2,1851.5,1531.9,316.8,1557.7,1776.1,1494.6,1843.9,1278.5,1860.2,1490.2,308.3,1850.5,1586.9,877.5,1070.9,1481.5,1542.6,1036.5,317.6,1187.5,756.9,800.0,1145.6,877.4,1733.1,1975.5
49,326.3,1683.9,1735.1,632.2,1566.5,1841.7,1685.0,1853.2,311.3,1664.9,1479.0,1244.5,1590.8,1744.1,1554.3,1684.0,316.0,1683.5,1818.6,1411.0,1863.8,1338.9,1862.3,1558.5,317.0,1581.6,1796.3,1524.3,1847.3,1289.8,1867.3,1523.9,308.3,1861.7,1612.3,882.2,1088.3,1517.4,1583.9,1059.1,317.5,1209.6,765.8,801.1,1176.2,886.5,1759.5,2021.2
50,326.3,1683.4,1730.1,632.7,1567.0,1835.3,1688.2,1848.0,311.2,1662.2,1485.5,1253.7,1594.7,1746.3,1560.4,1678.6,315.9,1700.0,1838.7,1434.7,1878.8,1354.7,1885.6,1592.5,316.7,1607.1,1806.5,1542.5,1870.8,1302.3,1864.6,1549.1,308.1,1873.3,1646.7,888.5,1104.9,1543.5,1615.4,1080.1,317.3,1230.0,775.3,802.3,1197.3,895.3,1794.8,2074.5
51,326.0,1695.8,1734.1,632.5,1571.5,1845.4,1691.6,1849.8,311.2,1652.8,1490.1,1253.0,1605.0,1765.5,1562.9,1676.1,315.8,1713.2,1851.1,1463.7,1880.0,1366.4,1902.3,1626.1,316.6,1637.1,1815.2,1570.9,1889.9,1326.4,1867.5,1592.1,307.9,1890.4,1683.5,896.0,1124.3,1592.3,1643.9,1097.0,317.3,1251.0,783.2,803.4,1215.3,902.4,1819.0,2108.2
52,326.0,1702.3,1738.4,632.6,1586.0,1860.1,1698.6,1851.8,311.1,1643.8,1500.9,1254.7,1599.0,1772.7,1565.5,1684.3,315.7,1722.7,1863.6,1485.9,1895.8,1379.6,1914.7,1663.0,316.3,1659.5,1831.8,1586.5,1904.4,1344.0,1876.2,1617.1,307.9,1913.7,1708.4,901.5,1147.7,1624.8,1675.8,1115.0,316.8,1274.8,789.2,807.1,1234.6,905.3,1849.4,2150.8
53,326.0,1703.7,1740.7,633.3,1581.3,1874.6,1693.4,1848.9,310.9,1643.3,1511.2,1259.8,1608.5,1772.5,1572.7,1686.2,315.6,1729.2,1871.6,1495.4,1923.4,1391.1,1924.6,1682.0,316.3,1681.7,1847.4,1613.9,1917.5,1377.4,1884.6,1630.7,307.5,1929.5,1738.1,903.5,1168.7,1652.8,1701.9,1146.2,316.7,1299.9,796.1,811.5,1262.7,913.5,1869.0,2195.3
54,325.6,1704.1,1740.5,634.4,1589.0,1880.6,1700.5,1859.6,310.8,1639.2,1527.4,1260.2,1617.3,1782.6,1579.9,1687.5,315.3,1747.5,1891.7,1525.0,1938.5,1405.0,1930.8,1706.0,316.1,1697.6,1865.8,1636.5,1929.9,1406.7,1881.0,1643.3,307.5,1948.5,1756.2,906.9,1190.6,1667.0,1723.6,1169.7,316.7,1327.9,802.3,816.5,1295.4,921.7,1883.6,2239.9
55,325.7,1708.0,1744.0,634.1,1585.9,1881.5,1696.6,1860.0,310.7,1638.4,1543.6,1266.5,1620.8,1796.1,1589.2,1693.1,315.2,1787.5,1902.7,1555.7,1943.5,1420.8,1928.1,1730.3,316.0,1731.1,1870.2,1652.5,1945.4,1429.6,1886.7,1671.2,307.4,1981.8,1768.9,913.3,1215.3,1699.8,1748.0,1201.8,316.6,1358.3,812.1,823.8,1319.1,931.9,1906.0,2271.5
56,325.5,1707.3,1748.0,633.9,1590.2,1877.3,1704.0,1862.0,310.7,1647.5,1547.2,1264.8,1624.5,1805.2,1588.1,1699.8,315.2,1795.9,1907.1,1578.0,1943.3,1439.0,1933.5,1774.1,316.0,1774.5,1876.6,1661.9,1957.1,1437.8,1897.8,1683.2,307.5,1989.1,1810.8,922.9,1237.0,1728.0,1775.6,1226.8,316.7,1379.2,820.8,832.3,1341.7,940.6,1936.3,2296.6
57,325.3,1702.1,1755.1,633.8,1601.5,1879.3,1705.3,1858.5,310.6,1642.4,1559.7,1271.9,1624.8,1807.0,1593.3,1701.3,315.1,1808.9,1914.2,1598.3,1955.2,1451.5,1939.9,1800.5,315.9,1811.0,1896.8,1675.0,1968.7,1460.5,1895.4,1701.8,307.2,2000.2,1839.3,931.0,1264.4,1747.1,1808.9,1252.9,316.4,1398.7,830.1,842.2,1363.8,947.1,1944.7,2325.6
58,325.1,1703.7,1764.0,634.4,1600.6,1881.7,1707.3,1859.5,310.4,1650.2,1557.2,1279.5,1619.2,1816.2,1606.8,1699.9,314.9,1829.9,1926.4,1623.5,1961.9,1476.0,1951.7,1817.6,315.8,1830.0,1912.8,1694.3,1980.4,1473.3,1886.1,1726.8,307.1,2025.3,1856.4,938.1,1292.0,1763.9,1828.7,1287.1,316.4,1406.7,837.2,845.6,1392.1,954.2,1955.1,2350.0
59,325.1,1712.4,1770.1,634.1,1603.9,1890.8,1710.6,1860.5,310.4,1644.7,1571.3,1282.0,1626.1,1826.7,1602.5,1702.5,314.7,1864.2,1944.3,1640.5,1969.5,1493.8,1962.1,1826.7,315.4,1859.0,1933.8,1708.9,1992.1,1495.6,1888.8,1744.8,306.8,2033.8,1886.9,941.1,1319.4,1773.0,1860.0,1329.1,316.1,1430.7,847.4,854.6,1424.9,966.6,1973.9,2375.2
60,325.0,1712.7,1770.4,633.7,1599.2,1881.8,1711.0,1862.3,310.2,1635.9,1578.8,1279.9,1626.4,1848.6,1606.3,1701.9,314.8,1888.9,1946.4,1668.5,1983.6,1514.3,1960.2,1847.5,315.6,1886.6,1944.6,1721.6,2003.3,1522.9,1895.2,1753.4,306.9,2044.1,1918.1,953.0,1359.0,1794.9,1880.5,1366.7,316.1,1451.7,858.0,864.2,1460.4,978.6,1993.5,2402.7
61,325.0,1719.3,1764.2,633.8,1608.4,1883.8,1713.6,1865.5,310.2,1641.3,1582.6,1281.5,1634.8,1850.8,1611.0,1716.4,314.4,1927.8,1961.0,1682.2,1986.7,1533.9,1946.8,1872.1,315.5,1909.3,1951.2,1734.4,2010.5,1548.0,1889.7,1757.0,306.5,2053.4,1943.4,962.6,1392.7,1830.2,1904.7,1412.6,315.8,1475.3,870.9,875.3,1485.2,990.6,2009.0,2440.2
62,324.8,1717.8,1768.5,634.7,1621.2,1887.0,1716.1,1869.0,309.9,1645.9,1592.5,1285.4,1636.3,1854.1,1611.7,1716.1,314.5,1937.0,1979.7,1699.0,1985.7,1565.4,1945.3,1884.8,315.5,1920.8,1970.7,1748.1,2019.0,1589.2,1896.8,1774.7,306.6,2062.4,1960.2,974.7,1438.3,1846.3,1922.0,1450.7,315.7,1497.8,881.8,883.6,1515.8,1003.2,2028.6,2451.7
63,324.5,1716.3,1775.0,635.1,1632.6,1885.2,1718.9,1867.4,309.8,1650.6,1590.3,1290.7,1649.4,1865.2,1609.0,1717.9,314.4,1955.9,2001.5,1709.7,1986.5,1589.2,1954.4,1904.5,315.3,1932.4,1986.6,1761.5,2033.1,1606.6,1896.0,1796.8,306.4,2073.0,1981.0,988.1,1491.1,1860.8,1945.9,1498.4,315.4,1524.3,893.6,898.5,1539.9,1015.1,2049.7,2466.3
64,324.6,1719.0,1786.4,634.8,1631.3,1890.1,1714.5,1872.9,309.9,1651.5,1595.0,1292.7,1649.2,1881.1,1605.5,1720.8,314.2,1965.4,2016.5,1718.2,1993.5,1597.3,1965.1,1920.3,315.2,1952.2,1988.4,1764.1,2047.9,1624.4,1891.4,1826.4,306.2,2092.1,2010.5,1006.2,1529.4,1874.1,1965.3,1540.3,315.2,1549.1,900.7,911.0,1575.3,1032.5,2059.0,2482.0
65,324.4,1723.3,1777.0,635.0,1634.6,1896.9,1709.6,1876.0,309.6,1641.3,1596.2,1302.7,1655.5,1879.4,1599.5,1724.4,313.8,1973.3,2033.0,1729.7,1987.9,1608.9,1964.6,1929.1,315.0,1959.4,1975.9,1781.7,2050.9,1640.4,1905.4,1833.2,306.2,2108.6,2035.0,1019.9,1571.3,1892.2,1984.1,1580.3,315.1,1574.1,909.5,929.8,1592.6,1048.1,2061.1,2485.2
66,324.3,1724.7,1779.0,635.3,1640.5,1901.5,1708.2,1882.7,309.6,1644.5,1602.1,1302.4,1657.3,1899.3,1593.7,1724.7,314.0,1991.0,2032.8,1743.8,1990.9,1630.4,1956.8,1960.2,314.9,1977.1,1986.9,1791.3,2048.7,1654.1,1919.0,1843.1,305.9,2117.4,2050.2,1040.9,1598.8,1906.2,2005.1,1626.9,314.9,1607.7,920.7,943.7,1617.4,1064.4,2064.4,2492.2
67,324.2,1725.5,1780.5,635.2,1644.2,1914.9,1711.8,1885.4,309.5,1639.9,1606.6,1304.7,1661.0,1900.5,1607.7,1726.6,313.8,2005.0,2037.3,1756.4,2003.1,1641.4,1962.7,1979.7,315.1,1989.2,2003.4,1803.2,2054.0,1679.1,1925.8,1864.2,305.9,2125.1,2064.9,1058.6,1636.6,1919.2,2020.4,1680.2,315.1,1643.8,935.0,963.3,1640.2,1080.1,2086.4,2495.7
68,324.1,1718.5,1781.1,635.9,1647.2,1919.0,1709.2,1888.3,309.4,1637.8,1603.9,1306.9,1669.8,1892.0,1614.0,1732.6,313.6,2020.7,2056.9,1773.6,2003.2,1648.5,1987.8,1996.7,314.7,2004.3,2020.8,1816.7,2070.5,1691.7,1928.8,1875.0,306.0,2127.2,2078.4,1078.5,1679.5,1931.0,2039.1,1729.2,314.7,1668.3,949.0,975.2,1666.7,1099.5,2102.1,2519.4
69,324.0,1723.1,1782.9,636.4,1646.2,1910.2,1707.6,1889.2,309.4,1642.5,1601.8,1300.5,1665.2,1892.6,1617.9,1742.3,313.7,2034.8,2068.1,1787.8,2005.9,1661.6,1989.3,2011.7,314.9,2007.8,2021.0,1833.3,2077.1,1707.4,1930.7,1875.0,305.8,2137.5,2111.3,1103.9,1697.9,1922.8,2071.3,1777.9,314.6,1693.0,966.6,996.3,1692.6,1114.1,2126.3,2535.9
70,323.9,1723.0,1783.1,635.5,1644.2,1913.3,1710.9,1887.2,309.1,1640.0,1604.3,1294.8,1672.9,1890.7,1622.1,1747.8,313.6,2031.0,2082.0,1805.6,2013.6,1689.6,1995.5,2016.0,314.7,2016.1,2030.8,1845.7,2080.8,1724.4,1941.6,1884.4,305.7,2144.8,2124.5,1140.0,1732.7,1930.1,2087.2,1815.6,314.5,1714.2,981.1,1011.1,1722.2,1133.1,2146.7,2550.4
71,323.7,1723.0,1789.8,635.2,1635.5,1918.7,1717.0,1885.9,309.0,1641.5,1611.3,1295.3,1684.4,1890.2,1630.4,1750.6,313.5,2036.5,2095.2,1813.4,2026.2,1704.6,1995.9,2024.5,314.8,2033.3,2037.3,1859.5,2083.3,1746.5,1939.7,1889.4,305.5,2153.0,2128.3,1167.5,1773.1,1948.0,2089.7,1858.4,314.5,1732.9,998.2,1027.4,1746.4,1152.4,2164.7,2555.3
72,323.8,1720.0,1789.1,634.8,1638.2,1919.3,1710.9,1890.4,309.0,1632.3,1616.5,1293.4,1692.5,1886.9,1633.8,1758.9,313.4,2044.6,2098.5,1818.3,2026.6,1716.3,2010.2,2037.0,314.1,2046.6,2038.3,1865.0,2088.4,1759.5,1932.2,1899.0,305.3,2160.7,2155.5,1195.9,1843.2,1957.5,2097.1,1897.4,314.3,1758.3,1012.6,1042.9,1762.6,1169.7,2171.9,2563.9
73,323.4,1722.4,1796.4,635.5,1647.9,1918.0,1716.2,1888.9,308.9,1632.7,1600.4,1293.4,1694.3,1889.2,1630.6,1759.7,313.4,2058.9,2108.0,1834.5,2040.8,1713.5,2017.9,2059.3,314.6,2039.6,2055.5,1876.4,2102.0,1755.3,1922.6,1906.9,305.4,2173.0,2164.8,1220.3,1882.7,1955.7,2118.0,1940.9,314.6,1788.1,1026.3,1062.8,1794.2,1180.5,2168.4,2569.2
74,323.6,1727.2,1798.2,635.5,1655.8,1923.5,1717.9,1892.3,308.9,1630.3,1615.5,1295.4,1698.7,1884.7,1628.9,1756.0,313.2,2066.2,2124.7,1845.2,2047.7,1730.4,2021.9,2085.5,314.0,2048.8,2054.1,1876.2,2103.6,1774.3,1923.1,1911.9,304.9,2189.0,2188.0,1251.0,1938.8,1963.6,2137.0,1988.4,314.4,1806.2,1040.2,1080.9,1823.4,1196.5,2180.6,2579.3
75,323.5,1725.0,1802.3,635.0,1642.0,1932.5,1715.9,1896.5,308.8,1629.6,1624.3,1294.9,1708.9,1902.2,1626.0,1761.4,313.0,2073.7,2142.0,1846.2,2058.5,1742.3,2025.5,2099.1,314.4,2050.4,2064.2,1882.3,2098.6,1793.2,1939.5,1931.5,305.2,2198.4,2198.5,1276.2,1973.3,1964.1,2144.6,2030.8,314.4,1829.6,1057.2,1101.5,1859.2,1214.7,2191.6,2593.8
76,323.4,1727.2,1807.1,635.6,1651.9,1934.0,1720.3,1896.0,308.7,1634.8,1615.8,1296.6,1712.5,1905.6,1634.2,1760.4,313.0,2065.6,2158.4,1846.6,2065.6,1754.9,2032.8,2106.0,313.7,2063.4,2077.7,1886.9,2098.0,1797.7,1959.2,1941.6,305.1,2206.6,2221.0,1313.5,2014.1,1972.4,2155.3,2062.0,314.1,1862.0,1069.8,1120.5,1893.9,1233.0,2173.2,2593.2
77,323.4,1728.4,1820.4,636.1,1655.5,1938.9,1721.4,1892.9,308.6,1634.5,1618.0,1300.9,1714.0,1923.1,1634.3,1765.0,312.9,2075.7,2150.8,1847.7,2069.4,1760.6,2039.6,2119.9,314.2,2072.4,2073.7,1893.3,2111.6,1801.7,1954.0,1940.8,305.0,2216.5,2232.1,1347.2,2052.7,1986.8,2160.3,2081.7,314.0,1884.0,1085.5,1145.1,1924.8,1255.5,2172.2,2611.1
78,323.3,1730.7,1819.7,636.6,1656.3,1942.5,1730.3,1896.0,308.4,1632.8,1628.0,1304.8,1718.5,1933.0,1629.1,1766.4,312.8,2083.2,2157.9,1850.5,2079.0,1773.2,2030.8,2130.1,313.7,2074.6,2076.9,1899.4,2132.0,1810.3,1959.5,1933.8,304.9,2231.7,2246.9,1383.5,2092.5,1986.5,2160.9,2111.6,314.0,1919.8,1101.8,1164.1,1944.4,1282.4,2182.7,2609.0
79,323.2,1734.6,1821.0,636.9,1649.8,1934.1,1723.8,1901.9,308.4,1634.6,1633.2,1305.6,1724.9,1931.0,1624.5,1772.6,312.8,2088.0,2155.3,1862.9,2078.0,1771.4,2023.4,2128.6,314.0,2079.4,2090.1,1907.0,2143.5,1821.7,1952.8,1936.6,304.8,2241.8,2244.4,1415.5,2121.8,2005.4,2167.0,2149.9,313.6,1931.7,1125.9,1191.4,1965.9,1301.5,2195.0,2608.5
80,323.1,1731.0,1817.8,637.1,1650.7,1944.9,1721.3,1902.9,308.2,1627.3,1646.0,1307.0,1731.4,1939.6,1624.1,1773.7,312.7,2094.1,2160.4,1877.8,2085.5,1781.0,2016.6,2144.6,313.5,2091.2,2094.7,1904.9,2137.0,1832.5,1944.0,1948.9,304.6,2252.7,2253.0,1453.4,2155.0,2010.0,2184.7,2193.9,313.4,1944.8,1142.6,1217.3,2001.3,1324.7,2194.5,2609.7
81,323.0,1736.3,1822.3,636.9,1642.7,1958.2,1725.0,1903.2,308.3,1624.4,1652.5,1311.9,1740.5,1945.1,1618.1,1761.9,312.5,2113.3,2168.7,1895.3,2101.4,1796.8,2012.9,2160.8,313.8,2092.6,2089.9,1918.5,2147.5,1850.7,1958.4,1954.5,304.7,2245.6,2266.3,1486.5,2188.3,2018.1,2190.9,2230.7,313.8,1976.5,1156.7,1239.6,2038.1,1346.9,2197.6,2619.1
82,322.9,1740.6,1834.1,637.0,1639.2,1962.7,1722.1,1903.5,308.4,1620.4,1653.7,1315.6,1739.2,1951.3,1615.5,1766.1,312.4,2111.1,2174.7,1894.4,2105.4,1799.4,2025.5,2172.6,313.6,2096.5,2086.5,1939.2,2160.5,1860.8,1977.9,1971.1,304.4,2256.0,2290.9,1514.1,2223.3,2026.9,2200.8,2261.5,313.4,1993.4,1173.2,1263.9,2075.4,1378.9,2204.2,2622.5
83,322.8,1741.3,1838.8,636.9,1637.3,1959.8,1718.8,1899.7,308.2,1626.9,1656.7,1310.4,1743.4,1947.8,1620.6,1763.1,312.5,2100.6,2194.7,1895.4,2103.4,1797.8,2045.6,2188.5,313.7,2095.3,2103.6,1941.3,2174.7,1873.5,1972.3,1971.6,304.4,2253.9,2295.9,1551.4,2255.9,2025.3,2211.6,2287.3,313.3,2009.0,1190.9,1293.7,2099.5,1398.8,2214.7,2623.2
84,322.7,1740.9,1843.2,634.6,1634.9,1951.4,1721.8,1898.0,308.0,1627.3,1657.2,1307.7,1741.5,1960.5,1619.3,1763.8,312.3,2122.8,2202.1,1907.1,2105.4,1802.9,2055.9,2197.6,313.1,2099.4,2100.2,1946.3,2174.6,1883.5,1968.0,1966.7,304.5,2246.2,2298.4,1586.8,2289.6,2030.6,2209.4,2322.4,313.3,2015.0,1210.0,1327.7,2121.9,1421.8,2225.7,2627.9
85,322.6,1739.6,1842.4,634.1,1640.7,1944.8,1728.8,1898.0,307.8,1616.3,1664.4,1305.6,1760.5,1951.9,1619.3,1761.6,312.3,2143.7,2200.8,1910.0,2102.7,1817.3,2055.4,2201.6,313.5,2083.7,2108.2,1954.0,2186.5,1880.0,1962.8,1976.8,304.2,2254.3,2311.3,1629.3,2318.2,2039.4,2222.0,2351.2,313.2,2023.8,1222.6,1362.2,2147.5,1451.6,2223.7,2637.8
86,322.4,1742.2,1854.1,634.6,1648.4,1943.0,1728.4,1898.9,308.0,1609.2,1667.7,1310.7,1768.4,1953.2,1615.1,1757.1,312.3,2154.9,2205.8,1913.0,2102.8,1834.1,2043.2,2211.1,313.0,2090.5,2124.7,1960.8,2188.7,1880.1,1958.4,1993.1,304.2,2251.6,2320.1,1653.0,2340.1,2049.2,2233.1,2361.8,313.4,2035.5,1245.4,1396.6,2175.1,1484.3,2233.8,2639.1
87,322.5,1750.9,1852.9,635.3,1645.4,1949.5,1731.2,1899.6,307.9,1606.4,1672.1,1311.2,1762.3,1950.2,1630.1,1761.2,312.1,2156.8,2213.7,1919.9,2117.7,1848.1,2042.2,2213.1,313.3,2092.9,2127.2,1963.4,2183.1,1884.5,1962.4,2014.5,304.2,2252.1,2324.9,1674.5,2376.9,2062.9,2240.7,2380.1,313.2,2052.4,1264.1,1412.3,2196.4,1511.7,2240.8,2641.5
88,322.5,1753.2,1848.2,635.3,1653.1,1944.9,1727.8,1897.7,307.8,1604.0,1670.2,1316.9,1753.3,1953.0,1638.3,1776.7,312.0,2150.3,2228.8,1920.9,2126.3,1849.3,2062.5,2219.3,313.1,2098.1,2142.3,1958.9,2186.5,1884.9,1968.7,2012.1,304.1,2253.0,2316.5,1704.7,2395.2,2061.6,2244.3,2402.0,312.7,2075.6,1290.3,1434.2,2227.7,1522.5,2253.2,2644.3
89,322.4,1751.4,1851.1,635.6,1649.5,1953.4,1729.4,1895.7,307.8,1606.0,1685.7,1312.8,1750.5,1950.1,1638.0,1776.5,312.0,2161.3,2228.1,1926.8,2121.7,1853.3,2063.5,2239.0,312.8,2100.1,2134.0,1960.3,2192.3,1890.0,1981.7,2009.9,304.1,2252.8,2316.8,1742.1,2410.8,2058.6,2255.2,2426.6,313.2,2072.8,1309.6,1463.1,2249.5,1542.8,2247.5,2642.0
90,322.4,1752.3,1856.3,635.7,1660.7,1955.3,1730.2,1900.2,307.6,1604.4,1692.3,1314.9,1747.9,1955.5,1652.7,1776.0,311.9,2180.3,2229.3,1928.3,2130.5,1855.0,2052.0,2243.4,312.9,2114.9,2135.4,1969.4,2196.1,1902.5,1984.7,2017.9,303.9,2244.9,2315.8,1769.5,2440.4,2064.9,2262.7,2438.5,312.6,2083.7,1329.9,1495.7,2271.4,1561.3,2258.1,2648.6
91,322.3,1749.4,1862.7,635.8,1664.7,1965.6,1729.1,1895.9,307.6,1600.7,1692.6,1319.0,1751.8,1974.6,1662.7,1768.0,311.9,2182.7,2231.4,1933.2,2133.6,1858.2,2051.6,2252.8,312.7,2125.2,2130.8,1977.6,2204.6,1905.7,1976.4,2041.5,303.8,2240.6,2334.8,1810.7,2467.0,2085.3,2268.9,2475.8,312.7,2099.0,1350.1,1527.1,2290.8,1573.7,2260.5,2648.3
92,322.3,1750.5,1859.6,635.5,1671.6,1964.6,1736.7,1895.5,307.2,1590.4,1709.7,1315.5,1761.1,1973.4,1659.9,1770.2,311.8,2179.8,2226.8,1928.5,2140.2,1864.5,2049.1,2253.8,312.8,2129.7,2144.4,1975.4,2202.3,1913.0,1973.8,2037.6,303.6,2241.7,2314.9,1842.9,2476.1,2083.1,2280.1,2498.7,312.6,2104.7,1375.1,1555.9,2309.0,1596.6,2254.6,2642.3
93,322.2,1759.4,1859.0,635.0,1673.4,1955.5,1737.9,1895.8,307.5,1593.7,1705.1,1317.3,1761.6,1980.3,1666.9,1772.0,311.7,2186.4,2232.9,1939.1,2143.9,1868.3,2044.0,2253.7,312.9,2133.4,2137.7,1977.9,2200.9,1923.7,1982.5,2050.7,303.9,2234.2,2328.8,1876.7,2501.8,2080.2,2287.6,2504.3,312.8,2111.9,1394.2,1576.0,2327.3,1612.5,2258.0,2640.7
94,322.1,1763.6,1865.3,635.4,1668.4,1955.8,1730.9,1898.7,307.3,1595.3,1709.4,1316.0,1767.7,1984.1,1664.1,1769.6,311.7,2184.6,2244.8,1940.8,2145.3,1862.1,2052.3,2265.3,312.7,2144.4,2130.9,1978.3,2192.6,1921.3,1975.2,2054.1,303.6,2242.2,2319.4,1900.8,2519.9,2085.2,2290.4,2508.0,312.3,2122.6,1417.1,1592.8,2348.7,1639.6,2262.1,2636.8
95,322.0,1765.9,1867.8,635.4,1671.2,1958.9,1726.2,1897.8,307.1,1591.6,1715.7,1312.6,1770.6,1982.8,1662.9,1770.3,311.6,2191.5,2251.3,1955.8,2150.0,1868.1,2055.5,2273.6,312.9,2148.5,2128.5,1976.0,2195.4,1915.8,1970.0,2064.7,303.8,2242.1,2313.5,1931.3,2550.3,2082.1,2289.0,2524.0,312.7,2134.9,1432.4,1614.2,2358.1,1657.6,2259.8,2632.1
96,322.1,1775.2,1872.8,635.6,1669.1,1962.5,1725.5,1901.1,307.2,1585.4,1722.5,1320.3,1768.9,1991.1,1655.0,1774.2,311.6,2198.5,2255.1,1968.3,2149.2,1879.9,2054.5,2281.1,312.6,2152.0,2139.1,1976.0,2210.0,1926.8,1978.1,2075.8,303.6,2238.1,2312.4,1963.1,2571.1,2094.3,2301.8,2535.1,312.0,2140.7,1451.9,1643.7,2378.4,1678.9,2267.0,2633.4
97,321.9,1772.3,1873.5,634.9,1677.0,1961.4,1722.3,1896.4,307.3,1587.2,1723.8,1320.8,1776.2,1998.5,1661.0,1783.2,311.5,2190.8,2249.3,1974.5,2150.0,1890.0,2049.9,2288.4,312.7,2155.9,2139.9,1971.3,2214.9,1934.3,1982.1,2067.2,303.6,2238.6,2313.7,1982.4,2587.3,2101.8,2297.1,2543.4,312.7,2134.9,1472.4,1664.3,2398.1,1696.5,2271.3,2626.1
98,321.9,1774.0,1878.8,635.3,1680.0,1963.0,1727.4,1900.2,306.8,1585.9,1723.2,1319.7,1778.8,1999.5,1659.4,1782.6,311.6,2193.2,2244.1,1988.2,2151.9,1897.0,2046.1,2294.3,312.7,2154.3,2156.3,1967.9,2202.4,1932.3,1979.7,2075.4,303.2,2249.7,2314.5,1995.7,2589.0,2105.0,2287.7,2560.6,312.2,2124.7,1500.5,1696.0,2424.3,1724.2,2279.7,2626.6
99,321.9,1782.8,1879.9,635.2,1674.1,1961.1,1730.2,1898.1,307.1,1589.9,1723.1,1322.8,1780.6,1984.5,1656.2,1783.1,311.5,2200.6,2245.2,1986.2,2154.8,1906.1,2035.3,2292.7,312.3,2152.6,2161.6,1978.6,2202.7,1931.1,1994.9,2080.7,303.5,2250.2,2322.6,2020.1,2594.4,2098.8,2291.2,2570.5,312.6,2133.0,1520.5,1716.1,2444.1,1748.1,2289.6,2631.2
100,321.6,1784.6,1877.3,635.0,1682.8,1978.8,1729.9,1898.2,306.8,1594.4,1723.5,1327.4,1774.5,1989.6,1662.5,1779.8,311.3,2206.9,2254.2,1994.9,2156.3,1906.9,2036.0,2301.3,312.5,2162.1,2158.4,1989.5,2210.6,1928.2,1997.5,2071.3,303.3,2243.2,2324.2,2037.2,2610.4,2098.9,2298.6,2587.5,312.0,2139.0,1546.4,1735.0,2452.5,1773.7,2301.4,2636.0
101,321.8,1786.8,1878.4,635.1,1678.3,1986.4,1725.4,1898.4,306.8,1588.8,1729.2,1324.8,1776.5,2004.5,1656.7,1768.1,311.2,2208.9,2252.9,1995.3,2155.2,1901.7,2047.3,2303.0,312.4,2158.4,2155.0,1988.9,2205.4,1928.8,1997.0,2077.2,303.4,2234.1,2316.0,2060.9,2605.3,2105.3,2295.6,2599.2,312.4,2132.4,1567.0,1754.2,2477.7,1789.2,2305.3,2635.6
102,321.7,1789.1,1888.6,635.1,1684.2,1992.3,1712.7,1898.0,306.8,1583.0,1725.4,1328.8,1783.9,2011.0,1658.3,1769.2,311.3,2207.5,2252.5,1998.7,2158.9,1897.1,2031.2,2311.2,312.5,2151.6,2150.7,1991.1,2213.3,1916.7,2007.0,2085.7,303.2,2236.8,2317.0,2081.3,2619.3,2101.9,2293.8,2601.3,311.9,2130.7,1601.0,1781.5,2498.6,1810.0,2304.6,2646.4
103,321.6,1796.6,1884.9,635.1,1691.4,1990.3,1715.3,1895.0,306.6,1585.1,1738.2,1328.6,1780.8,2017.6,1661.2,1765.3,311.2,2202.5,2251.4,1997.5,2156.1,1902.0,2020.3,2320.8,312.0,2158.3,2145.8,1993.9,2220.8,1911.0,2012.5,2093.6,303.1,2239.4,2313.6,2084.2,2635.2,2095.2,2286.3,2604.3,311.8,2132.2,1618.8,1803.4,2515.8,1828.5,2313.4,2648.3
104,321.7,1792.7,1886.4,635.7,1696.3,1981.6,1718.6,1894.8,306.9,1581.8,1739.9,1322.5,1781.5,2028.7,1664.1,1763.9,311.1,2198.6,2250.3,2002.8,2162.2,1912.1,2029.3,2311.8,312.5,2156.1,2149.7,1988.8,2223.9,1926.5,2005.9,2096.6,303.3,2248.5,2316.0,2093.9,2651.9,2082.9,2278.1,2605.4,312.2,2138.1,1652.8,1821.7,2526.6,1832.7,2315.0,2647.0
105,321.6,1786.7,1888.9,634.9,1696.0,1981.0,1716.8,1892.7,306.5,1574.0,1731.5,1316.1,1784.0,2031.6,1657.1,1759.4,310.8,2204.6,2245.6,2004.8,2159.8,1923.0,2043.8,2323.1,312.0,2156.4,2154.2,1989.5,2219.3,1927.6,2007.3,2117.7,303.1,2250.1,2332.0,2108.1,2653.5,2069.3,2279.2,2619.0,311.7,2134.7,1674.5,1840.1,2536.1,1843.4,2319.8,2643.7
106,321.2,1785.0,1883.7,635.3,1694.7,1975.1,1716.0,1891.2,306.6,1572.6,1724.3,1317.8,1781.8,2045.3,1659.9,1755.0,311.1,2208.0,2258.2,2016.2,2160.9,1910.9,2044.3,2328.8,312.3,2158.1,2158.0,1999.9,2211.0,1933.1,2013.7,2129.0,303.1,2250.1,2327.6,2128.9,2654.3,2069.5,2288.7,2619.8,311.9,2139.3,1686.4,1862.2,2544.4,1855.4,2313.7,2649.1
107,321.4,1787.6,1876.9,635.8,1698.8,1986.7,1713.7,1886.4,306.6,1568.6,1720.5,1324.4,1785.1,2032.1,1673.7,1760.1,310.9,2212.9,2255.7,2024.9,2160.7,1915.7,2042.8,2339.3,312.2,2156.8,2167.2,2006.6,2214.6,1939.1,2009.1,2134.6,303.1,2238.5,2315.5,2142.4,2660.6,2066.0,2289.2,2614.1,311.6,2145.3,1708.9,1880.6,2555.9,1869.4,2309.0,2647.9
108,321.2,1791.7,1880.0,635.8,1682.1,1979.4,1716.2,1884.5,306.4,1575.4,1721.7,1319.8,1785.4,2035.0,1671.1,1763.0,311.0,2218.6,2252.7,2017.4,2161.4,1920.4,2044.3,2348.7,312.3,2153.8,2188.7,2002.4,2207.5,1939.1,2001.0,2144.8,303.0,2234.0,2319.2,2156.0,2666.2,2069.2,2295.7,2620.8,311.6,2144.2,1733.2,1899.6,2562.9,1880.6,2312.4,2642.2
109,321.3,1793.5,1879.1,635.5,1674.8,1984.9,1717.1,1888.9,306.6,1570.2,1734.2,1314.3,1785.1,2041.0,1663.9,1763.4,311.0,2215.2,2257.8,2004.2,2155.2,1917.8,2049.4,2350.2,311.7,2159.6,2185.3,2003.5,2203.5,1934.7,2007.5,2151.2,302.8,2237.0,2326.0,2164.4,2678.6,2067.1,2300.3,2635.9,311.6,2147.3,1754.9,1920.4,2569.8,1888.9,2306.0,2644.0
110,321.2,1798.1,1881.2,635.1,1675.5,1984.0,1720.4,1895.4,306.4,1572.4,1731.5,1312.2,1786.3,2044.9,1663.3,1764.3,311.0,2221.3,2263.8,2011.2,2158.8,1918.5,2055.3,2358.4,312.2,2161.1,2180.1,2010.6,2192.6,1933.1,2008.5,2142.0,302.9,2235.1,2333.1,2178.0,2682.6,2069.1,2300.0,2619.3,311.3,2145.9,1778.2,1941.0,2582.0,1893.4,2306.9,2648.3
111,321.3,1794.4,1886.7,635.1,1678.3,1989.2,1726.1,1891.9,306.1,1575.6,1738.0,1311.0,1791.4,2038.1,1659.9,1762.7,310.9,2219.4,2263.8,2026.9,2159.9,1923.0,2049.8,2351.3,311.9,2166.2,2178.3,2018.5,2191.5,1945.5,2017.7,2127.0,302.7,2232.2,2332.7,2189.2,2689.8,2078.2,2296.6,2614.2,311.3,2148.1,1792.8,1965.9,2581.6,1909.1,2310.7,2652.1
112,321.2,1790.3,1899.7,635.0,1687.9,1998.0,1727.3,1891.8,306.6,1579.7,1739.6,1312.6,1792.6,2041.9,1656.7,1762.9,310.8,2221.3,2266.6,2028.6,2162.2,1910.7,2057.4,2352.6,312.1,2164.6,2177.5,2017.1,2186.8,1952.5,2015.4,2139.5,302.9,2226.4,2331.0,2201.0,2689.4,2088.2,2296.4,2619.5,311.9,2150.4,1813.1,1987.6,2583.0,1922.9,2312.8,2640.7
113,321.1,1786.5,1899.2,635.0,1685.3,1995.6,1736.8,1890.0,306.2,1584.2,1744.5,1313.8,1796.1,2043.5,1670.3,1769.3,310.8,2229.3,2268.2,2010.0,2162.4,1910.2,2068.6,2354.6,311.8,2162.2,2178.8,2010.3,2186.3,1953.7,2019.1,2153.9,302.6,2216.5,2342.0,2208.3,2704.1,2099.7,2290.2,2647.6,311.3,2153.8,1816.2,1994.1,2577.6,1940.0,2319.4,2640.0
114,321.0,1785.0,1892.9,635.4,1689.7,1996.6,1738.6,1893.3,306.1,1588.7,1745.2,1319.1,1799.0,2042.9,1676.2,1763.6,310.7,2234.5,2264.5,2021.9,2152.7,1923.4,2074.8,2360.1,312.0,2163.1,2189.9,2016.0,2194.6,1944.8,2008.9,2156.4,302.7,2215.8,2348.5,2222.2,2704.5,2101.1,2294.4,2641.4,311.7,2152.7,1831.8,2013.7,2581.2,1945.1,2319.8,2632.6
115,321.1,1781.4,1888.0,636.2,1692.4,1996.0,1739.5,1892.3,306.3,1586.4,1747.9,1321.2,1801.5,2055.9,1672.3,1759.6,310.8,2243.3,2263.0,2016.9,2154.7,1928.1,2077.4,2363.0,311.7,2164.1,2196.7,2009.5,2202.0,1938.0,1996.0,2151.2,302.5,2206.1,2352.9,2238.1,2704.0,2089.0,2304.6,2647.4,311.1,2146.9,1849.5,2026.4,2588.0,1947.9,2319.7,2624.0
116,321.0,1782.2,1888.7,635.5,1684.8,2000.8,1743.8,1890.1,305.8,1586.9,1740.5,1328.4,1796.0,2064.4,1674.3,1757.4,310.6,2236.8,2257.4,2010.2,2157.9,1925.7,2075.0,2349.6,311.9,2163.0,2197.3,2014.7,2203.7,1931.5,2002.4,2156.6,302.7,2209.0,2352.2,2246.5,2701.6,2088.3,2312.1,2649.9,311.6,2146.5,1864.0,2046.4,2598.1,1953.5,2328.0,2623.8
117,321.0,1776.7,1895.4,636.8,1682.8,2000.6,1739.0,1900.7,306.3,1588.2,1735.5,1323.6,1799.2,2058.7,1667.5,1756.1,310.6,2232.6,2257.6,2019.9,2165.3,1933.6,2077.8,2351.7,311.9,2170.8,2182.7,2016.5,2216.5,1942.3,2002.5,2159.8,302.3,2208.2,2345.4,2243.0,2697.4,2093.7,2310.7,2656.6,311.1,2146.4,1875.0,2059.4,2615.0,1963.4,2323.7,2622.3
118,320.8,1771.4,1898.1,636.3,1680.5,2007.1,1730.7,1908.9,305.8,1595.8,1735.1,1322.4,1793.5,2051.9,1672.9,1750.2,310.6,2231.5,2260.0,2016.4,2163.2,1927.5,2088.7,2360.4,311.5,2159.4,2191.6,2014.9,2217.9,1943.5,2013.2,2167.2,302.7,2203.3,2339.3,2231.6,2695.0,2095.6,2316.6,2655.4,311.5,2150.0,1885.0,2062.3,2627.1,1962.3,2319.2,2615.8
119,320.9,1769.9,1888.6,636.3,1681.1,2016.1,1736.8,1908.9,305.7,1601.8,1736.0,1321.8,1784.9,2050.8,1678.9,1755.0,310.5,2229.7,2275.3,2015.5,2162.1,1928.9,2081.1,2364.3,311.8,2153.5,2189.1,2015.3,2211.4,1934.2,2019.7,2158.4,302.4,2196.6,2349.8,2227.3,2693.3,2112.9,2316.5,2668.3,310.9,2152.1,1891.1,2075.2,2622.4,1962.7,2327.0,2616.3
120,320.8,1769.6,1887.3,636.1,1676.4,2009.3,1736.2,1902.3,306.1,1600.6,1736.1,1327.3,1779.0,2045.3,1681.9,1759.2,310.5,2213.7,2272.5,2018.1,2162.1,1933.1,2078.2,2372.8,311.6,2155.5,2168.7,2020.0,2206.4,1934.1,2025.2,2176.0,302.5,2206.4,2344.5,2245.6,2695.8,2111.3,2318.3,2659.3,311.3,2157.6,1900.6,2083.9,2628.7,1967.1,2327.2,2592.3
121,320.7,1776.8,1886.9,636.4,1676.2,2015.6,1738.2,1901.1,305.9,1597.9,1740.4,1331.5,1776.3,2044.3,1689.3,1760.4,310.6,2221.3,2272.9,2016.9,2165.7,1928.0,2082.2,2371.4,311.8,2153.7,2167.4,2021.6,2211.6,1929.5,2015.7,2187.5,302.3,2206.3,2338.6,2251.7,2692.0,2117.2,2318.4,2656.2,310.8,2156.6,1910.1,2086.9,2631.0,1972.4,2329.9,2577.2
122,320.7,1775.5,1889.3,636.3,1667.3,2022.9,1736.9,1902.7,305.9,1599.2,1737.5,1335.8,1779.7,2050.5,1692.3,1756.3,310.4,2221.0,2273.6,2017.7,2171.8,1939.3,2084.1,2367.5,311.3,2155.3,2163.7,2028.6,2211.1,1923.2,2010.9,2178.4,302.5,2196.7,2335.1,2248.3,2693.7,2100.8,2321.4,2661.6,311.3,2155.7,1912.8,2093.1,2632.7,1974.1,2327.2,2579.0
123,320.6,1770.9,1895.4,636.2,1657.6,2019.8,1731.2,1903.6,305.8,1598.6,1736.3,1333.7,1787.8,2057.9,1687.8,1761.2,310.4,2216.0,2276.0,2019.2,2170.8,1935.4,2073.3,2369.2,311.7,2159.1,2160.0,2021.1,2220.9,1931.0,2011.5,2175.0,302.2,2192.6,2339.6,2240.3,2690.6,2095.5,2323.6,2658.7,310.9,2154.7,1915.7,2098.5,2638.1,1980.6,2316.5,2579.0
124,320.7,1765.5,1893.0,635.5,1647.7,2017.5,1723.8,1900.1,305.5,1598.8,1742.5,1326.4,1794.5,2060.4,1683.8,1763.5,310.4,2220.7,2274.5,2011.4,2166.5,1930.1,2074.5,2369.8,311.4,2154.4,2168.6,2015.7,2219.8,1925.9,2021.9,2196.8,302.4,2191.7,2343.4,2249.2,2692.1,2098.7,2325.8,2662.1,311.1,2159.0,1914.7,2106.7,2648.4,2004.2,2314.1,2567.5
125,320.7,1763.7,1891.5,635.9,1656.4,2021.6,1726.1,1901.5,306.0,1590.9,1742.8,1329.3,1795.0,2069.5,1680.2,1762.2,310.3,2215.0,2277.6,2016.8,2173.9,1929.9,2073.0,2370.1,311.6,2155.7,2172.1,2021.6,2207.9,1925.4,2025.4,2219.1,302.1,2183.2,2345.0,2249.1,2702.3,2098.3,2322.7,2659.2,310.7,2163.5,1923.8,2115.6,2646.8,2005.3,2323.3,2571.2
126,320.4,1759.1,1893.7,636.2,1664.6,2011.7,1725.9,1899.3,305.5,1585.9,1756.8,1325.8,1782.4,2070.0,1688.7,1766.2,310.3,2225.4,2282.2,2024.2,2171.3,1939.4,2072.9,2367.8,311.1,2156.7,2164.4,2021.4,2209.9,1931.7,2026.3,2226.2,302.4,2185.7,2353.5,2253.9,2707.8,2102.0,2307.7,2648.2,311.0,2163.1,1921.5,2126.9,2650.3,2002.8,2320.4,2556.9
127,320.6,1755.7,1900.3,636.2,1667.9,2011.6,1733.4,1894.8,305.6,1585.4,1749.6,1319.9,1782.6,2065.4,1691.3,1757.5,310.3,2222.0,2296.2,2024.7,2166.1,1935.5,2065.1,2362.7,311.5,2159.4,2154.1,2013.4,2197.9,1934.6,2025.7,2214.4,302.1,2177.4,2369.1,2243.4,2707.8,2107.9,2304.8,2634.1,310.7,2160.0,1924.0,2131.3,2656.8,2003.5,2319.6,2554.9
128,320.5,1756.3,1903.8,636.4,1667.7,2026.5,1736.3,1894.1,305.4,1594.7,1746.5,1321.0,1793.0,2065.5,1693.0,1757.2,310.2,2228.1,2300.5,2022.3,2160.1,1928.4,2069.9,2361.4,311.3,2158.4,2155.8,2004.5,2200.5,1935.2,2013.3,2206.6,302.3,2176.1,2365.9,2231.3,2714.9,2110.1,2303.4,2621.4,311.2,2157.4,1925.2,2137.5,2653.5,1993.2,2324.4,2561.1
129,320.4,1760.6,1903.2,636.2,1666.3,2032.2,1736.7,1897.9,305.4,1603.3,1747.1,1324.6,1791.7,2062.5,1692.5,1747.8,310.0,2219.8,2297.5,2012.3,2168.9,1923.9,2077.1,2374.9,311.3,2155.4,2161.3,2002.5,2185.0,1929.1,2021.5,2190.3,302.1,2168.9,2368.3,2241.6,2721.5,2111.7,2297.8,2624.1,310.8,2157.1,1921.7,2138.9,2653.6,1984.7,2335.7,2564.0
130,320.5,1755.4,1901.5,636.0,1663.1,2024.4,1738.3,1898.7,305.7,1607.1,1750.2,1328.7,1784.7,2055.2,1690.1,1736.2,310.0,2212.5,2281.0,2011.8,2166.7,1922.8,2069.8,2374.3,311.2,2153.3,2161.5,2018.9,2182.3,1916.1,2030.5,2181.8,302.3,2158.8,2366.9,2246.9,2721.3,2106.3,2290.4,2626.4,310.9,2152.4,1925.1,2143.5,2648.2,1992.8,2322.4,2573.0
131,320.3,1768.0,1900.2,636.3,1657.4,2029.7,1733.0,1894.9,305.4,1605.1,1755.4,1329.9,1780.5,2043.4,1705.3,1737.7,310.1,2221.3,2285.8,2005.9,2162.2,1922.1,2067.4,2375.4,311.6,2153.3,2159.0,2025.2,2186.9,1920.8,2029.5,2205.2,302.1,2155.9,2367.5,2240.0,2722.1,2099.9,2288.7,2633.9,310.8,2147.9,1921.5,2140.2,2645.0,1996.0,2319.7,2579.6
132,320.1,1763.7,1901.3,636.3,1658.8,2033.8,1729.5,1891.6,305.5,1600.9,1747.5,1326.0,1778.0,2048.4,1708.0,1731.6,310.1,2210.8,2281.7,2010.4,2155.1,1925.6,2075.5,2371.1,311.3,2151.0,2152.5,2024.6,2180.7,1916.3,2037.1,2215.0,302.2,2153.5,2364.3,2230.5,2726.9,2095.6,2286.8,2621.9,310.5,2145.8,1928.8,2145.0,2644.5,2012.3,2333.0,2571.9
133,320.4,1764.5,1892.7,636.8,1661.8,2033.7,1734.8,1895.7,305.7,1599.1,1747.6,1326.9,1770.6,2055.3,1707.9,1734.9,310.1,2218.0,2293.2,2021.5,2152.4,1918.3,2077.1,2359.6,311.3,2149.0,2158.4,2020.3,2187.6,1916.7,2036.4,2215.6,301.9,2145.6,2365.0,2219.6,2715.9,2083.7,2286.5,2622.4,310.6,2138.6,1938.5,2155.0,2648.7,2015.0,2342.9,2569.6
134,320.3,1760.7,1893.1,637.3,1667.0,2019.5,1732.8,1893.4,305.3,1599.4,1749.1,1325.2,1767.4,2046.1,1710.5,1737.1,310.0,2215.9,2294.4,2022.5,2154.0,1921.5,2075.4,2358.7,311.1,2153.4,2160.2,2011.4,2194.9,1905.6,2024.3,2216.8,301.9,2150.0,2368.6,2214.2,2709.1,2079.5,2275.1,2617.5,310.8,2128.3,1931.3,2170.3,2655.6,2024.4,2338.6,2555.1
135,320.3,1763.6,1896.5,636.8,1663.9,2018.7,1728.0,1889.9,305.3,1604.0,1758.6,1326.6,1776.2,2040.9,1706.8,1733.3,310.1,2211.4,2289.2,2029.7,2150.8,1920.0,2086.3,2353.2,311.0,2169.6,2157.7,2014.2,2194.0,1901.6,2022.1,2214.2,302.2,2145.9,2361.1,2211.4,2703.9,2075.5,2273.4,2603.7,310.8,2127.7,1943.5,2168.6,2655.1,2038.0,2326.1,2556.6
136,320.4,1764.9,1910.2,637.3,1652.2,2023.8,1722.5,1892.2,305.5,1603.7,1763.1,1331.1,1776.2,2035.9,1708.6,1725.9,310.0,2215.3,2290.1,2030.3,2155.4,1917.8,2093.4,2348.9,311.2,2169.4,2150.4,2015.9,2190.2,1892.5,2018.4,2219.2,301.7,2154.0,2357.8,2210.1,2701.9,2074.0,2282.1,2616.9,310.6,2134.1,1945.4,2182.9,2659.1,2052.0,2323.7,2559.6
137,320.2,1765.6,1909.9,637.1,1643.0,2027.1,1724.2,1892.0,305.2,1609.7,1765.8,1333.4,1775.3,2034.7,1703.3,1725.0,310.0,2214.5,2285.4,2018.9,2155.3,1917.5,2096.1,2351.8,310.8,2175.6,2149.0,2012.0,2184.6,1907.7,2016.4,2215.8,302.1,2142.1,2355.2,2231.1,2703.3,2074.2,2278.0,2615.9,310.9,2134.3,1944.8,2177.7,2657.7,2048.0,2330.1,2566.5
138,320.2,1771.8,1904.1,636.5,1649.1,2025.4,1721.7,1891.1,305.5,1614.0,1757.1,1341.1,1768.3,2029.7,1704.8,1729.1,309.9,2216.6,2284.6,2020.4,2155.5,1922.1,2101.6,2347.8,310.9,2172.6,2140.2,2013.7,2180.1,1897.1,2022.3,2230.9,301.8,2131.4,2353.0,2230.9,2709.7,2062.6,2273.8,2604.1,310.6,2137.8,1935.8,2173.2,2649.0,2038.5,2325.8,2556.7
139,320.2,1777.5,1888.3,636.6,1653.4,2025.7,1725.8,1886.8,305.2,1616.0,1760.1,1335.4,1761.6,2027.1,1702.1,1727.5,309.9,2206.4,2282.8,2012.7,2158.3,1919.8,2093.6,2349.4,311.0,2166.5,2147.7,2014.4,2173.3,1892.6,2021.8,2234.3,301.9,2126.4,2337.8,2227.5,2709.2,2045.7,2268.6,2609.8,310.8,2146.5,1941.8,2169.6,2647.1,2020.4,2327.3,2551.8
140,320.1,1779.9,1900.1,636.3,1651.7,2021.2,1718.6,1888.0,305.4,1622.7,1752.3,1339.3,1761.4,2027.0,1710.2,1727.0,309.8,2215.3,2281.7,2019.5,2154.8,1906.0,2089.6,2346.8,311.0,2160.6,2144.2,2007.8,2171.1,1905.0,2015.6,2223.7,301.7,2124.4,2343.0,2224.0,2706.1,2036.6,2259.0,2605.3,310.5,2143.6,1941.4,2166.5,2647.3,2022.4,2316.9,2554.2
141,320.2,1775.1,1897.0,636.5,1653.1,2022.6,1721.9,1891.3,305.5,1618.7,1756.1,1338.9,1764.7,2035.1,1713.4,1718.2,309.7,2214.6,2271.8,2023.6,2159.2,1901.8,2085.9,2348.7,310.7,2156.5,2143.1,2004.4,2161.9,1905.3,2004.6,2231.8,302.0,2124.6,2332.1,2219.6,2707.7,2039.1,2264.7,2613.9,310.6,2138.4,1934.9,2167.6,2646.9,2026.1,2315.2,2541.2
142,320.0,1772.1,1887.0,636.5,1666.5,2024.7,1731.6,1891.2,305.2,1617.2,1749.3,1340.6,1775.1,2036.9,1712.3,1717.7,309.8,2217.6,2280.0,2018.7,2151.3,1899.0,2074.6,2340.5,311.0,2166.4,2143.3,2003.3,2162.7,1894.2,2007.1,2239.9,301.7,2118.4,2329.3,2213.3,2703.4,2025.0,2270.8,2612.6,310.3,2136.9,1940.6,2158.0,2641.7,2020.3,2305.3,2548.2
143,320.1,1767.6,1886.0,635.7,1664.1,2025.6,1731.6,1888.1,305.1,1605.4,1756.0,1344.0,1774.5,2045.8,1709.4,1720.2,309.7,2207.7,2272.9,2021.0,2146.8,1898.1,2081.9,2332.0,310.6,2171.4,2131.1,2008.1,2168.2,1898.4,2018.2,2244.1,301.9,2127.4,2332.2,2203.4,2704.8,2042.7,2269.3,2602.7,310.6,2140.1,1929.1,2154.3,2636.9,2019.2,2293.6,2545.6
144,320.0,1769.3,1895.9,636.1,1673.8,2022.1,1728.4,1891.9,305.2,1590.4,1748.9,1342.1,1768.9,2043.5,1710.1,1724.4,309.7,2198.6,2268.8,2012.3,2144.9,1897.4,2084.3,2328.4,311.0,2168.2,2122.4,2010.2,2162.1,1897.2,2009.6,2245.2,301.8,2132.0,2322.6,2196.5,2699.5,2047.0,2273.3,2611.1,310.3,2143.7,1906.7,2161.0,2627.5,2017.5,2294.6,2551.9
145,320.1,1770.2,1892.0,635.5,1680.3,2022.7,1724.1,1890.7,304.9,1581.2,1742.3,1337.8,1764.2,2044.4,1708.6,1722.4,309.6,2199.2,2263.0,2009.8,2141.4,1887.7,2072.0,2333.2,310.5,2176.8,2115.8,2008.1,2162.4,1901.3,2002.5,2234.6,301.6,2117.5,2326.4,2196.9,2695.8,2038.2,2278.0,2618.3,310.4,2129.5,1893.0,2161.8,2629.1,2020.2,2285.6,2548.9
146,319.9,1769.6,1891.7,635.5,1669.2,2022.6,1717.3,1895.5,305.0,1590.0,1744.5,1332.4,1763.8,2041.2,1709.7,1722.8,309.5,2198.9,2268.2,2010.9,2136.0,1881.2,2067.3,2329.4,311.0,2172.4,2121.8,2003.0,2151.2,1888.5,2008.6,2230.7,301.5,2113.1,2328.5,2190.5,2689.9,2034.2,2275.1,2620.3,310.6,2120.8,1894.7,2156.4,2631.3,2016.0,2279.0,2540.3
147,319.8,1770.5,1892.4,635.2,1661.7,2019.6,1722.1,1893.3,304.9,1589.9,1747.7,1335.4,1759.9,2043.9,1713.8,1717.0,309.4,2208.0,2262.4,2009.7,2134.0,1879.9,2061.3,2333.3,310.7,2167.6,2130.4,2000.7,2126.9,1889.1,2006.7,2236.3,301.6,2102.8,2330.5,2174.8,2684.2,2032.3,2267.9,2623.1,310.5,2120.2,1903.2,2158.0,2631.9,2024.2,2285.9,2535.5
148,319.9,1766.4,1891.4,635.0,1664.7,2014.6,1725.9,1888.3,305.3,1592.1,1747.3,1341.1,1762.6,2052.5,1713.6,1727.5,309.6,2203.8,2266.1,2016.0,2129.9,1880.2,2070.2,2329.2,310.9,2179.9,2116.8,1992.5,2105.5,1889.7,1999.1,2243.7,301.6,2101.1,2320.3,2160.3,2695.3,2036.4,2258.5,2625.5,310.4,2119.9,1914.2,2139.8,2631.4,2032.5,2295.4,2534.3
149,319.8,1770.5,1889.0,634.2,1673.6,2014.9,1725.2,1889.6,304.9,1590.2,1747.5,1349.4,1765.5,2049.1,1717.4,1727.9,309.7,2203.4,2270.7,2012.9,2124.2,1885.8,2069.0,2317.5,310.4,2169.2,2125.4,1999.5,2108.2,1878.4,1986.5,2233.8,301.3,2107.5,2317.2,2147.3,2695.4,2044.8,2262.1,2609.8,310.3,2113.0,1911.4,2139.5,2632.4,2025.4,2294.2,2540.1
150,319.9,1773.1,1889.0,633.9,1680.2,2006.3,1727.4,1886.0,304.8,1585.6,1742.7,1354.7,1763.8,2038.9,1718.1,1726.3,309.6,2190.9,2275.4,2007.7,2120.6,1893.2,2068.2,2313.2,310.8,2169.6,2128.4,2009.4,2121.1,1870.1,1979.3,2226.2,301.3,2096.8,2312.2,2139.5,2691.6,2048.3,2264.5,2616.6,310.5,2113.8,1919.1,2141.7,2635.9,2022.2,2289.5,2543.1
151,319.9,1777.4,1889.4,633.9,1676.5,2004.5,1728.6,1890.1,305.1,1581.8,1736.2,1357.0,1764.1,2026.6,1710.3,1713.2,309.5,2185.2,2273.9,2006.8,2117.4,1904.3,2073.3,2326.9,310.6,2174.8,2123.8,2002.5,2135.8,1869.9,1975.3,2244.1,301.3,2091.6,2297.0,2106.7,2694.8,2031.7,2264.2,2600.4,310.4,2106.8,1903.7,2140.6,2631.0,2015.7,2282.8,2534.5
152,319.7,1770.7,1890.9,633.7,1675.1,2011.2,1730.6,1884.2,305.0,1579.6,1733.7,1357.3,1770.1,2024.0,1710.5,1708.6,309.5,2192.0,2262.5,2002.7,2114.5,1902.8,2071.3,2331.6,310.8,2179.7,2121.6,2009.5,2128.9,1860.7,1977.0,2220.2,301.5,2089.7,2308.5,2108.1,2698.3,2031.7,2259.3,2608.7,310.4,2096.2,1908.0,2133.4,2625.4,2030.7,2279.9,2541.5
153,319.8,1767.3,1901.3,634.1,1679.2,2012.4,1728.7,1884.5,304.7,1582.1,1728.7,1353.1,1771.1,2024.4,1711.7,1706.7,309.4,2192.1,2268.8,1999.4,2109.8,1900.0,2075.3,2334.9,310.6,2178.4,2101.9,2003.0,2125.6,1865.1,1975.7,2211.0,301.2,2090.2,2306.2,2106.5,2689.0,2023.9,2251.4,2614.8,310.1,2097.1,1911.2,2135.1,2622.1,2036.3,2276.1,2526.9
154,319.7,1771.6,1904.5,633.7,1676.4,2012.3,1729.5,1885.8,304.8,1574.7,1729.4,1351.9,1766.1,2023.0,1705.9,1701.6,309.4,2197.5,2272.5,2002.9,2109.8,1902.0,2088.8,2330.8,310.7,2171.7,2100.5,2002.1,2126.0,1853.8,1973.4,2222.8,301.6,2081.7,2281.6,2093.5,2674.0,2024.6,2237.7,2599.5,310.4,2103.5,1915.7,2126.2,2619.4,2032.1,2278.9,2531.6
155,319.7,1764.5,1898.1,633.6,1675.7,2005.2,1729.3,1884.0,304.8,1573.6,1728.6,1348.8,1773.2,2028.2,1706.3,1701.4,309.4,2192.4,2260.9,2007.0,2113.7,1902.6,2086.1,2330.9,310.7,2169.0,2109.2,2012.3,2140.0,1854.0,1971.5,2230.1,301.3,2076.1,2276.2,2087.1,2678.1,2021.8,2240.2,2584.6,310.1,2097.3,1910.7,2121.3,2614.7,2024.7,2282.2,2528.6
156,319.8,1754.4,1891.0,634.2,1672.2,2000.6,1728.1,1884.8,305.0,1566.8,1722.2,1343.7,1766.6,2023.3,1706.7,1702.2,309.4,2195.5,2265.9,2006.8,2116.4,1907.7,2089.4,2327.0,310.4,2169.9,2111.9,2008.4,2128.7,1857.6,1963.3,2220.2,301.5,2074.7,2253.2,2087.1,2677.3,2012.0,2233.2,2590.4,310.1,2090.5,1906.3,2116.4,2610.0,2024.8,2283.1,2522.6
157,319.5,1760.3,1896.1,634.0,1669.4,2015.7,1719.9,1884.8,304.7,1576.8,1725.2,1344.6,1769.6,2031.0,1704.9,1703.9,309.5,2189.5,2266.6,2000.7,2116.1,1904.1,2095.7,2322.7,310.6,2162.9,2108.7,2001.5,2127.5,1856.6,1966.6,2231.6,301.3,2069.8,2234.6,2082.8,2680.7,1993.8,2220.2,2579.1,309.7,2084.5,1904.0,2115.8,2607.6,2029.4,2286.9,2524.7
158,319.6,1753.1,1894.0,633.2,1670.0,2005.3,1722.6,1883.2,304.7,1577.0,1720.5,1345.8,1769.6,2027.7,1703.5,1701.1,309.3,2195.3,2266.4,1997.2,2114.9,1889.3,2091.1,2318.8,310.2,2167.8,2104.9,2000.9,2137.9,1842.3,1965.6,2236.2,301.4,2071.8,2233.3,2087.2,2684.4,2001.0,2221.5,2584.2,310.0,2078.4,1904.7,2099.7,2605.5,2026.5,2282.7,2514.2
159,319.7,1743.7,1890.8,633.7,1678.5,2006.3,1719.8,1879.8,305.0,1571.9,1722.0,1343.8,1770.2,2044.9,1698.0,1705.3,309.4,2170.2,2266.9,1992.4,2118.9,1894.0,2094.6,2325.5,310.7,2165.4,2113.5,2002.9,2145.2,1848.3,1963.5,2220.0,301.2,2072.7,2234.3,2093.7,2686.7,2000.2,2208.1,2589.9,310.0,2070.5,1905.3,2094.5,2609.4,2024.5,2281.9,2501.3
160,319.6,1749.6,1894.2,633.7,1676.5,2013.7,1720.0,1878.5,304.7,1575.8,1712.5,1343.6,1768.1,2047.7,1697.8,1704.7,309.3,2169.9,2263.2,1996.7,2122.5,1888.5,2093.6,2324.3,310.1,2161.6,2121.9,2008.0,2140.1,1851.8,1957.1,2220.4,301.1,2074.3,2224.3,2090.2,2693.6,1997.2,2205.6,2581.4,309.7,2058.2,1893.9,2071.3,2596.6,2022.5,2287.7,2514.8
161,319.6,1754.2,1889.8,634.4,1670.6,2008.9,1715.0,1876.5,304.9,1577.3,1718.6,1337.6,1765.3,2046.6,1698.1,1700.4,309.3,2173.0,2268.3,1996.2,2112.4,1890.8,2084.9,2326.2,310.5,2165.4,2126.2,2014.3,2135.5,1847.6,1955.5,2222.1,301.5,2072.3,2210.2,2097.7,2688.7,1988.8,2196.5,2582.5,310.1,2059.3,1874.6,2071.9,2589.3,2022.0,2277.8,2501.6
162,319.4,1754.4,1875.7,633.5,1674.6,2024.1,1717.0,1873.5,304.4,1571.8,1720.0,1340.2,1759.4,2043.1,1696.9,1704.7,309.1,2173.4,2256.6,2001.3,2112.2,1886.7,2075.2,2319.0,310.3,2166.0,2122.4,2005.9,2129.5,1851.9,1961.8,2221.0,301.1,2071.6,2229.5,2103.1,2686.9,1985.6,2190.9,2577.0,309.7,2053.4,1881.1,2058.2,2588.1,2008.7,2275.0,2499.7
163,319.6,1755.9,1878.4,633.0,1670.9,2026.9,1727.1,1871.5,304.8,1570.6,1719.9,1343.8,1758.0,2040.9,1690.9,1710.5,309.3,2175.9,2258.7,1997.3,2115.3,1881.9,2075.4,2318.4,310.3,2157.3,2109.9,1994.3,2126.4,1854.4,1967.9,2228.4,301.3,2071.8,2244.3,2111.1,2692.0,1992.5,2183.4,2568.5,310.1,2040.0,1879.3,2054.3,2592.7,2006.7,2264.9,2500.1
164,319.3,1754.2,1875.7,633.1,1673.9,2023.2,1728.9,1874.3,304.4,1564.2,1726.7,1346.6,1755.4,2039.1,1691.5,1714.3,309.3,2169.4,2248.0,2010.4,2123.4,1876.1,2070.0,2320.3,310.2,2156.2,2118.5,1993.2,2122.4,1859.8,1959.5,2223.3,301.1,2077.7,2253.7,2102.5,2687.7,2004.6,2177.2,2570.2,309.9,2029.2,1873.8,2050.7,2570.8,1995.1,2268.5,2492.1
165,319.5,1749.3,1868.3,632.8,1678.5,2014.2,1735.7,1876.6,304.4,1561.2,1730.9,1339.4,1749.3,2042.0,1696.1,1723.3,309.3,2173.1,2247.5,2024.1,2114.9,1872.9,2082.9,2316.5,310.1,2151.6,2119.9,1991.2,2123.2,1850.9,1966.7,2230.6,301.4,2078.4,2253.5,2105.2,2683.0,1996.7,2164.5,2553.0,310.1,2024.5,1875.8,2058.4,2561.8,2000.0,2262.1,2486.5
166,319.3,1748.3,1866.0,632.7,1688.7,2004.3,1727.6,1881.7,304.5,1563.1,1721.2,1340.7,1740.4,2049.7,1688.3,1719.2,309.2,2159.2,2241.1,2025.6,2120.2,1869.9,2075.3,2297.0,310.5,2146.4,2112.5,1999.6,2119.1,1870.9,1973.3,2228.3,301.0,2077.3,2257.5,2096.8,2685.1,1990.8,2159.3,2537.5,310.0,2025.1,1873.0,2067.4,2567.0,1997.6,2270.6,2474.2
167,319.4,1747.1,1862.0,632.7,1680.7,2005.8,1723.9,1883.7,304.5,1560.3,1720.1,1339.2,1742.3,2053.8,1676.1,1715.8,309.0,2164.9,2239.1,2008.8,2120.1,1859.0,2058.3,2298.9,310.1,2146.6,2109.7,1993.7,2114.1,1870.7,1978.5,2220.4,301.4,2079.9,2256.4,2093.7,2687.6,1993.5,2161.7,2533.1,310.0,2032.3,1868.3,2054.4,2576.4,1992.0,2269.0,2473.3
168,319.4,1753.0,1864.5,632.9,1680.3,2003.5,1721.5,1885.8,304.8,1557.2,1714.1,1338.2,1740.3,2055.2,1676.4,1707.5,309.2,2164.0,2224.4,2006.8,2115.3,1869.3,2059.0,2303.0,310.5,2141.7,2102.8,2002.0,2103.9,1872.6,1986.1,2217.1,301.1,2081.0,2251.6,2089.0,2689.1,1998.0,2165.2,2509.1,309.7,2034.7,1871.4,2056.6,2574.5,1990.6,2263.4,2479.2
169,319.4,1752.9,1868.9,632.8,1684.2,2004.3,1715.6,1886.4,304.4,1557.9,1714.1,1340.5,1737.6,2050.2,1680.6,1711.3,309.2,2162.2,2223.0,2010.0,2116.1,1872.9,2054.3,2306.3,310.2,2139.5,2092.5,2003.6,2104.6,1878.1,1971.2,2203.6,301.0,2078.1,2264.2,2073.7,2696.8,1999.1,2154.2,2496.9,309.9,2041.9,1857.3,2051.0,2566.7,2001.4,2253.7,2483.7
170,319.3,1753.8,1868.5,632.7,1678.9,2013.4,1714.8,1888.3,304.7,1565.2,1719.3,1339.8,1741.2,2046.6,1682.6,1708.8,309.2,2151.9,2226.9,1999.7,2119.6,1877.0,2061.8,2303.7,310.4,2138.2,2101.2,1997.2,2104.7,1877.5,1956.7,2221.1,301.3,2086.5,2264.3,2079.1,2685.0,1997.6,2150.1,2493.6,310.0,2044.2,1854.6,2042.8,2565.1,1974.6,2246.1,2473.4
171,319.4,1747.7,1873.9,632.5,1670.4,2018.7,1714.6,1881.7,304.2,1562.5,1720.6,1341.8,1745.4,2054.3,1677.8,1701.2,309.2,2149.5,2212.5,1992.6,2115.3,1884.5,2069.8,2311.1,310.0,2136.6,2092.5,2002.4,2098.3,1884.6,1955.1,2220.2,301.1,2081.1,2248.6,2072.8,2682.6,1994.3,2152.9,2475.7,309.6,2043.4,1866.0,2050.2,2549.6,1954.8,2248.3,2468.6
172,319.4,1746.3,1882.5,631.6,1670.3,2018.4,1713.6,1880.2,304.5,1565.3,1725.0,1338.5,1745.3,2054.3,1668.4,1691.9,309.1,2153.3,2216.2,1984.5,2118.9,1886.7,2074.7,2309.3,310.5,2147.6,2089.1,1997.9,2094.1,1886.4,1962.1,2209.5,301.3,2064.4,2238.0,2067.7,2678.6,2002.6,2152.3,2488.6,310.1,2040.3,1853.7,2059.9,2541.4,1952.9,2252.9,2465.0
173,319.1,1743.6,1885.1,631.5,1671.5,2011.4,1722.3,1881.9,304.7,1559.2,1718.9,1339.9,1744.5,2057.6,1669.6,1697.2,309.2,2154.6,2216.0,1995.2,2118.8,1875.7,2080.9,2311.7,309.9,2148.2,2096.4,2001.5,2100.4,1873.4,1977.5,2216.1,301.0,2067.4,2231.3,2062.2,2669.5,2000.4,2151.4,2478.9,309.5,2043.9,1848.7,2052.2,2549.4,1945.0,2247.9,2465.4
174,319.1,1738.6,1879.3,632.1,1675.7,2013.0,1727.1,1879.3,304.2,1561.2,1709.7,1343.1,1740.3,2050.6,1667.6,1692.9,309.1,2144.9,2217.1,2005.2,2121.7,1877.8,2082.8,2318.4,310.4,2157.9,2107.9,1995.5,2100.0,1859.5,1965.5,2205.4,301.2,2064.7,2219.1,2064.6,2665.8,1990.1,2157.2,2476.2,310.1,2041.0,1845.8,2041.2,2550.0,1934.2,2238.1,2478.3
175,319.4,1747.4,1869.6,633.1,1678.9,2017.7,1726.5,1878.1,304.5,1564.4,1715.7,1346.1,1742.4,2057.4,1678.3,1697.6,309.1,2145.5,2205.4,1998.4,2112.9,1866.8,2076.2,2320.1,310.0,2153.1,2103.9,1994.3,2092.0,1852.6,1960.1,2196.8,301.1,2062.2,2214.9,2065.8,2660.7,1965.9,2165.0,2463.0,309.6,2046.5,1851.1,2039.5,2559.4,1915.7,2238.7,2481.4
176,318.9,1750.9,1870.3,633.4,1668.4,2020.0,1716.7,1877.2,304.2,1563.6,1713.3,1340.9,1749.5,2060.5,1681.6,1696.7,309.0,2145.7,2205.4,1993.1,2114.0,1863.8,2072.2,2316.8,310.2,2154.7,2101.5,1999.5,2087.2,1850.2,1944.0,2190.1,301.2,2056.1,2197.1,2051.3,2663.5,1978.7,2172.5,2438.5,309.8,2043.2,1859.3,2034.7,2556.6,1911.9,2236.8,2489.0
177,319.3,1741.5,1876.6,632.7,1662.0,2022.6,1719.4,1877.3,304.3,1567.0,1710.7,1337.8,1756.4,2059.6,1679.0,1696.6,309.0,2150.8,2189.1,1997.2,2114.4,1866.2,2077.4,2313.3,310.1,2144.9,2105.2,2003.2,2100.0,1841.2,1946.8,2191.9,301.0,2067.7,2193.9,2047.7,2676.5,1970.0,2171.6,2431.7,309.6,2026.0,1843.2,2036.1,2558.6,1912.5,2230.9,2491.6
178,319.1,1738.3,1875.5,632.9,1664.9,2022.0,1715.1,1875.7,304.2,1568.2,1718.0,1334.5,1757.3,2057.3,1661.5,1698.4,308.9,2158.8,2195.6,1996.4,2110.9,1865.1,2069.7,2314.9,309.8,2134.1,2100.9,2006.5,2103.6,1822.8,1953.3,2189.6,301.2,2071.1,2207.1,2040.1,2676.3,1976.9,2172.2,2417.6,309.9,2028.5,1835.4,2042.3,2552.1,1903.7,2219.0,2490.5
179,319.0,1735.8,1882.6,632.8,1672.6,2029.0,1717.5,1876.9,304.1,1572.1,1722.4,1333.0,1746.6,2056.0,1669.4,1695.5,309.0,2142.5,2210.7,1987.6,2116.2,1857.6,2067.6,2307.0,310.3,2141.2,2089.7,2004.1,2108.5,1843.8,1947.4,2206.6,300.8,2079.6,2226.2,2029.6,2672.5,1974.6,2173.5,2396.5,309.6,2024.6,1824.3,2036.5,2556.4,1898.5,2227.4,2492.5
180,319.2,1743.6,1884.9,633.3,1663.3,2017.8,1720.7,1879.4,304.6,1574.6,1710.9,1338.4,1747.8,2058.6,1659.5,1696.0,309.0,2139.0,2213.0,1986.5,2114.2,1861.1,2062.1,2304.2,310.1,2142.3,2089.3,2007.1,2106.8,1841.3,1937.1,2200.0,301.1,2072.4,2226.6,2008.8,2672.9,1974.1,2173.1,2398.8,309.6,2029.4,1835.6,2023.8,2555.7,1902.1,2223.1,2489.3
181,319.0,1747.5,1878.8,633.8,1662.4,2014.2,1725.7,1877.3,304.3,1575.4,1714.8,1337.7,1746.9,2063.3,1661.4,1700.8,309.0,2141.3,2220.2,1993.7,2117.3,1867.0,2047.1,2292.5,310.3,2153.5,2104.0,2004.0,2112.6,1842.1,1934.9,2183.4,301.0,2079.7,2228.6,2000.2,2669.4,1967.5,2173.4,2411.6,309.4,2025.4,1832.3,2032.9,2550.5,1903.1,2210.8,2482.9
182,319.1,1745.6,1877.6,633.7,1657.1,2014.4,1717.7,1872.6,304.1,1573.0,1720.6,1342.6,1748.1,2063.7,1658.0,1702.2,309.0,2150.8,2217.9,1994.6,2116.6,1866.2,2050.9,2292.6,309.8,2153.4,2101.3,2007.4,2107.1,1838.2,1928.1,2169.9,301.1,2080.6,2204.3,1997.9,2655.9,1969.8,2164.0,2411.4,309.3,2019.5,1827.7,2036.3,2549.1,1902.5,2204.7,2477.7
183,318.9,1748.5,1882.3,633.7,1652.9,2005.1,1713.6,1871.1,304.2,1572.4,1730.8,1347.1,1748.5,2056.1,1659.7,1697.7,308.9,2152.6,2221.9,1990.5,2117.0,1867.3,2053.4,2296.0,310.3,2152.9,2102.5,1999.3,2114.0,1844.4,1926.6,2171.2,301.0,2088.5,2196.5,1991.9,2657.8,1969.1,2154.7,2397.1,309.6,2019.1,1831.6,2035.6,2542.4,1895.3,2185.0,2479.2
184,319.2,1752.0,1887.8,633.7,1656.2,2004.5,1714.7,1868.6,304.0,1570.0,1728.1,1344.5,1757.9,2046.9,1659.3,1696.2,309.0,2160.5,2215.2,1991.6,2113.4,1857.9,2064.6,2277.6,309.8,2145.5,2108.7,1991.6,2108.3,1855.6,1929.3,2183.1,301.0,2083.0,2193.1,1991.2,2657.4,1965.8,2156.8,2400.1,309.4,2021.4,1835.1,2032.2,2549.5,1886.7,2180.2,2484.6
185,319.1,1753.5,1893.1,633.6,1655.2,2013.2,1712.0,1870.3,304.3,1566.9,1723.1,1345.7,1758.5,2041.9,1659.4,1695.9,308.9,2163.9,2216.8,1997.0,2104.2,1864.6,2057.7,2277.5,310.1,2143.2,2114.8,1992.7,2108.2,1852.5,1920.4,2180.4,300.9,2070.1,2187.5,1991.2,2658.9,1978.4,2167.7,2400.0,309.3,2025.1,1834.8,2039.2,2548.2,1871.1,2165.0,2489.4
186,319.2,1755.3,1888.7,633.8,1648.3,2018.6,1711.1,1871.9,304.0,1567.6,1732.2,1343.1,1760.7,2034.8,1660.7,1688.3,308.9,2162.1,2206.3,1998.7,2106.4,1860.7,2061.5,2289.0,309.9,2131.1,2105.7,1989.8,2106.9,1858.7,1931.2,2175.3,300.8,2067.8,2182.1,1986.7,2648.7,1969.3,2164.7,2387.5,309.4,2026.0,1840.2,2027.1,2553.3,1873.2,2155.9,2490.4
187,319.1,1755.1,1889.7,632.4,1648.0,2015.7,1712.9,1872.3,304.2,1571.8,1726.3,1346.6,1750.7,2041.4,1662.4,1689.5,309.0,2155.4,2217.7,1983.6,2107.8,1865.2,2053.6,2284.1,310.0,2113.8,2100.0,1983.9,2093.4,1854.7,1931.7,2171.3,301.1,2064.7,2174.5,1978.9,2640.0,1962.8,2159.5,2373.3,309.7,2014.1,1837.4,2019.2,2561.2,1858.7,2144.1,2480.5
188,318.9,1751.1,1896.7,631.7,1647.0,2013.7,1717.4,1870.7,304.0,1566.1,1719.9,1355.0,1748.5,2043.2,1669.6,1690.3,308.8,2155.9,2221.0,1979.9,2108.3,1868.2,2050.4,2285.1,309.9,2113.7,2103.2,1979.2,2077.7,1852.2,1931.7,2181.6,300.7,2078.9,2168.3,1995.7,2625.1,1970.5,2149.0,2369.4,309.5,2014.8,1830.5,2018.3,2546.3,1856.3,2146.5,2475.0
189,319.0,1748.6,1900.1,632.4,1645.3,2024.9,1720.8,1872.9,304.0,1564.5,1724.2,1353.8,1749.3,2037.4,1668.5,1688.9,308.9,2148.8,2226.3,1978.4,2112.9,1863.8,2054.6,2276.7,309.7,2115.0,2106.3,1984.3,2063.0,1858.6,1941.3,2178.1,301.1,2074.9,2170.8,2004.8,2628.8,1974.7,2160.0,2363.0,309.6,2007.2,1836.9,2009.7,2540.3,1848.2,2142.6,2476.9
190,319.0,1740.6,1892.8,632.5,1649.8,2020.5,1724.2,1870.2,304.3,1563.7,1725.9,1351.9,1749.4,2032.4,1668.8,1695.1,308.8,2143.9,2216.5,1978.5,2108.7,1856.4,2048.1,2282.9,310.0,2108.5,2096.0,1985.8,2063.4,1847.1,1942.9,2174.5,300.8,2075.9,2167.4,2008.8,2630.0,1972.7,2159.0,2373.3,309.5,1997.9,1840.3,2010.0,2536.3,1850.7,2149.7,2470.7
191,319.0,1729.8,1885.5,632.7,1640.0,2017.5,1725.7,1875.5,303.9,1561.6,1728.1,1351.8,1757.3,2020.0,1664.7,1699.2,308.8,2148.6,2205.6,1968.6,2103.6,1849.4,2034.6,2289.3,309.6,2109.8,2106.0,1982.3,2053.2,1836.9,1941.0,2153.1,301.0,2079.5,2169.5,2004.0,2618.3,1970.1,2170.8,2382.6,309.7,1995.1,1845.2,2016.7,2537.8,1852.9,2161.1,2479.1
192,318.9,1739.3,1881.7,633.3,1637.5,2026.8,1712.7,1876.8,303.9,1569.1,1721.1,1347.5,1760.1,2020.6,1659.8,1704.6,308.8,2148.6,2213.3,1973.7,2109.5,1852.9,2032.4,2294.3,310.1,2105.4,2112.9,1966.8,2051.8,1823.2,1949.3,2169.7,300.5,2074.9,2179.0,1994.2,2612.5,1984.0,2175.5,2379.3,309.5,1997.6,1847.5,2009.9,2531.7,1856.5,2153.1,2484.9
193,318.9,1735.3,1884.4,633.2,1642.8,2033.6,1708.4,1873.6,303.9,1559.1,1730.4,1349.5,1763.3,2029.2,1655.4,1693.4,308.7,2155.9,2214.7,1968.5,2110.9,1861.4,2020.5,2294.0,309.8,2099.3,2096.2,1975.4,2052.4,1825.6,1946.0,2154.5,300.8,2066.6,2173.5,1986.4,2613.9,1981.9,2183.6,2384.9,309.6,1992.1,1845.3,1993.8,2531.9,1856.4,2151.4,2489.6
194,318.9,1732.7,1884.6,633.1,1639.5,2030.0,1712.2,1875.3,304.0,1555.4,1728.8,1345.0,1755.4,2025.6,1657.4,1692.3,308.8,2150.5,2207.4,1963.8,2107.6,1862.2,2013.3,2296.3,310.0,2101.9,2113.7,1963.8,2052.0,1837.8,1935.7,2166.4,300.6,2057.4,2162.0,1993.2,2617.3,1968.2,2178.9,2390.4,309.5,1993.8,1842.1,1985.5,2543.9,1854.0,2140.7,2485.7
195,318.9,1733.6,1883.0,633.6,1648.5,2025.5,1714.4,1867.7,304.3,1556.6,1731.1,1337.5,1756.6,2024.3,1660.8,1688.5,308.7,2161.1,2218.0,1973.3,2107.3,1842.3,2015.6,2303.7,309.6,2099.1,2117.2,1965.7,2050.3,1823.6,1943.6,2176.7,300.8,2046.5,2150.2,1983.7,2616.7,1974.1,2177.5,2381.0,309.3,1990.7,1832.5,1975.8,2538.8,1840.8,2144.5,2484.8
196,318.8,1739.7,1879.4,634.1,1634.7,2026.5,1714.8,1861.6,303.8,1563.7,1719.1,1341.1,1759.0,2020.1,1672.1,1681.0,308.8,2153.7,2213.9,1974.9,2110.4,1843.5,2022.9,2305.5,310.0,2099.6,2107.2,1962.7,2047.5,1825.3,1955.3,2175.9,301.0,2060.9,2139.2,1965.8,2611.9,1980.2,2169.6,2370.9,309.7,1986.0,1834.2,1973.4,2541.3,1827.5,2146.6,2475.0
197,319.0,1747.2,1872.0,634.4,1645.4,2028.5,1713.8,1861.1,304.0,1558.8,1724.3,1345.4,1751.4,2019.1,1665.7,1683.2,308.8,2155.2,2224.6,1983.3,2111.3,1840.2,2025.2,2307.9,309.4,2096.1,2108.5,1958.5,2046.1,1831.8,1965.0,2160.8,300.8,2060.8,2130.9,1973.7,2607.4,1995.5,2177.2,2363.0,309.5,1973.4,1840.2,1958.7,2541.0,1826.2,2144.0,2476.1
198,318.8,1748.4,1871.3,634.4,1641.1,2030.2,1713.9,1863.0,303.9,1557.6,1719.0,1345.5,1744.2,2010.8,1667.7,1686.1,308.7,2166.3,2221.4,1980.1,2112.6,1840.1,2019.9,2300.0,309.9,2092.3,2107.1,1949.0,2046.4,1821.4,1971.8,2153.7,300.9,2050.3,2131.6,1980.7,2613.4,1983.8,2182.1,2358.1,309.7,1971.2,1831.3,1959.5,2538.9,1844.8,2144.1,2474.5
199,318.7,1753.5,1880.9,634.1,1638.1,2030.0,1720.6,1858.1,303.8,1545.9,1716.0,1344.5,1744.0,2003.5,1663.9,1690.2,308.5,2152.7,2215.6,1985.4,2112.7,1839.0,2019.1,2294.0,309.9,2093.5,2100.3,1955.5,2041.1,1818.7,1980.4,2161.3,300.8,2055.6,2153.8,1982.8,2588.9,1980.2,2183.9,2345.2,309.4,1963.6,1824.5,1952.0,2533.7,1847.3,2141.8,2477.7
200,318.8,1750.1,1879.7,634.2,1646.3,2036.1,1722.3,1860.3,304.1,1538.5,1707.9,1347.1,1749.1,1996.9,1665.3,1700.7,308.6,2157.5,2221.5,1983.4,2112.4,1829.0,2029.4,2291.7,309.9,2096.3,2101.4,1955.6,2048.8,1814.0,1968.1,2134.1,300.6,2056.3,2160.9,1982.4,2533.3,1985.9,2184.7,2347.5,309.5,1965.5,1825.6,1948.4,2538.0,1847.5,2151.8,2470.9
